Compounds,BE0003642,BE0001042,BE0001032,BE0001067,BE0001188,BE0003639
CC(C)C[C@@H](NC(=O)CNC(=O)[C@@H](NC=O)C(C)C)C(=O)N[C@@H](C)C(=O)N[C@H](C(C)C)C(=O)N[C@@H](C(C)C)C(=O)N[C@H](C(C)C)C(=O)N[C@@H](CC1=CNC2=C1C=CC=C2)C(=O)N[C@H](CC(C)C)C(=O)N[C@@H](CC1=CNC2=C1C=CC=C2)C(=O)N[C@H](CC(C)C)C(=O)N[C@@H](CC1=CNC2=C1C=CC=C2)C(=O)N[C@H](CC(C)C)C(=O)N[C@@H](CC1=CNC2=C1C=CC=C2)C(=O)NCCO,0,0,1,0,0,0
C1CC(N(C1)C(=O)C2CSSCC(C(=O)NC(C(=O)NC(C(=O)NC(C(=O)NC(C(=O)N2)CC(=O)N)CCC(=O)N)CC3=CC=CC=C3)CC4=CC=C(C=C4)O)N)C(=O)NC(CCCCN)C(=O)NCC(=O)N.C1CC(N(C1)C(=O)C2CSSCC(C(=O)NC(C(=O)NC(C(=O)NC(C(=O)NC(C(=O)N2)CC(=O)N)CCC(=O)N)CC3=CC=CC=C3)CC4=CC=C(C=C4)O)N)C(=O)NC(CCCN=C(N)N)C(=O)NCC(=O)N,0,0,0,0,0,0
CC[C@@H]1NC(=O)[C@H]([C@H](O)[C@H](C)C\C=C\C)N(C)C(=O)[C@H](C(C)C)N(C)C(=O)[C@H](CC(C)C)N(C)C(=O)[C@H](CC(C)C)N(C)C(=O)[C@@H](C)NC(=O)[C@H](C)NC(=O)[C@H](CC(C)C)N(C)C(=O)[C@@H](NC(=O)[C@H](CC(C)C)N(C)C(=O)CN(C)C1=O)C(C)C,1,0,1,1,0,0
[C@H]1([C@@H]2[C@H]([C@@H](N3C4=CC(=C(C)C=C4[N+]([Co-3]456(N7C8=C(C9=[N+]4C(C([C@@H]9CCC(N)=O)(C)C)=CC4=[N+]5C(=C(C5=[N+]6[C@@]([C@]7([C@@H]([C@@]8(C)CCC(=O)NC[C@@]([H])(C)OP([O-])(=O)O2)CC(N)=O)[H])([C@@]([C@@H]5CCC(N)=O)(C)CC(N)=O)C)C)[C@@]([C@@H]4CCC(N)=O)(C)CC(N)=O)C)C#N)=C3)C)O1)O)CO,0,0,0,0,0,0
NC1=NC(=O)C2=C(NCC(CNC3=CC=C(C=C3)C(=O)N[C@@H](CCC(O)=O)C(O)=O)N2)N1,0,0,0,0,0,0
N[C@@H](CC1=CN=CN1)C(O)=O,0,0,0,0,0,0
CC(=O)C(O)=O,0,0,0,0,0,0
N[C@@H](CC1=CC=CC=C1)C(O)=O,0,0,0,0,0,0
C[N+](C)(C)CCO,0,0,0,0,0,0
NCCCC[C@H](N)C(O)=O,0,0,0,0,0,0
N[C@@H](CCCNC(N)=N)C(O)=O,0,0,0,0,0,0
[H][C@@]1(OC(=O)C(O)=C1O)[C@@H](O)CO,0,0,0,0,0,0
NCCCNCCCCNCCCN,0,0,0,0,0,0
N[C@@H](CC(O)=O)C(O)=O,0,0,0,0,0,0
N[C@@H](CCC(N)=O)C(O)=O,0,0,0,0,0,0
N[C@@H](CO)C(O)=O,0,0,0,0,0,0
CSCC[C@H](N)C(O)=O,0,0,0,0,0,0
N[C@@H](CC1=CC=C(O)C=C1)C(O)=O,0,0,0,0,0,0
N[C@@H](CSSC[C@H](N)C(O)=O)C(O)=O,0,0,0,0,0,0
OC(=O)CCC(O)=O,0,0,0,0,0,0
CC1=C(C)C=C2N(C[C@H](O)[C@H](O)[C@H](O)CO)C3=NC(=O)NC(=O)C3=NC2=C1,0,0,0,0,0,0
N[C@@H](CCC(O)=O)C(O)=O,0,0,0,0,0,0
N[C@@H](CCC(=O)N[C@@H](CS)C(=O)NCC(O)=O)C(O)=O,0,0,0,0,1,1
NCC(O)=O,0,0,0,0,0,0
CN(CC(O)=O)C(N)=N,0,0,0,0,0,0
CC(C)C[C@H](N)C(O)=O,0,0,0,0,0,0
N[C@@H](CC1=CNC2=CC=CC=C12)C(O)=O,0,0,0,0,0,0
N[C@@H](CS)C(O)=O,0,0,0,0,0,0
CC1=C(CCO)SC=[N+]1CC1=CN=C(C)N=C1N,0,0,0,0,0,0
C[C@@H](O)[C@H](N)C(O)=O,0,0,0,0,0,0
NC1=NC(=O)C2=NC(CNC3=CC=C(C=C3)C(=O)N[C@@H](CCC(O)=O)C(O)=O)=CN=C2N1,0,0,0,1,1,0
C[C@H](N)C(O)=O,0,0,0,0,0,0
CC(C)[C@H](N)C(O)=O,0,0,0,0,0,0
CC[C@H](C)[C@H](N)C(O)=O,0,0,0,0,0,0
COC(=O)[C@H](CC1=CC=CC=C1)NC(=O)[C@@H](N)CC(O)=O,0,0,0,0,0,0
OC(=O)[C@@H]1CCCN1,0,0,0,0,0,0
N[C@@H](CC(N)=O)C(O)=O,0,0,0,0,0,0
[H][C@]12[C@H](C[C@H](O)C=C1C=C[C@H](C)[C@@H]2CC[C@@H](O)C[C@@H](O)CC(O)=O)OC(=O)[C@@H](C)CC,1,1,1,1,0,0
COCCCCC(=NOCCN)C1=CC=C(C=C1)C(F)(F)F,0,0,1,0,0,0
CCCCC(=O)N(CC1=CC=C(C=C1)C1=CC=CC=C1C1=NNN=N1)[C@@H](C(C)C)C(O)=O,0,0,0,0,0,0
[H][C@@]12CCC[C@]1([H])N([C@@H](C2)C(O)=O)C(=O)[C@H](C)N[C@@H](CCC1=CC=CC=C1)C(=O)OCC,0,0,0,0,0,0
NCC(CC(O)=O)C1=CC=C(Cl)C=C1,0,0,0,0,0,0
CC(N)CC1=CC=CC=C1,0,0,0,0,0,0
CN1CCC[C@H]1C1=CN=CC=C1,0,0,0,0,0,0
OC(CN1C=NC=N1)(CN1C=NC=N1)C1=C(F)C=C(F)C=C1,0,0,1,0,0,0
CC1=C(C)C2=C(CCC(C)(COC3=CC=C(CC4SC(=O)NC4=O)C=C3)O2)C(C)=C1O,0,0,0,0,0,0
CCOC(=O)C1=C[C@@H](OC(CC)CC)[C@H](NC(C)=O)[C@@H](N)C1,0,0,0,0,1,0
CC[C@H]1OC(=O)[C@H](C)[C@@H](O[C@H]2C[C@@](C)(OC)[C@@H](O)[C@H](C)O2)[C@H](C)[C@@H](O[C@@H]2O[C@H](C)C[C@@H]([C@H]2O)N(C)C)[C@](C)(O)C[C@@H](C)C(=O)[C@H](C)[C@@H](O)[C@]1(C)O,0,0,1,0,0,0
CN1C=NC2=C1C(=O)N(C)C(=O)N2C,0,0,1,0,0,0
CCCC1=NN(C)C2=C1NC(=NC2=O)C1=C(OCC)C=CC(=C1)S(=O)(=O)N1CCN(C)CC1,0,0,0,0,1,1
[H][C@]12C[C@@H](OC(=O)C3=CC(OC)=C(OC)C(OC)=C3)[C@H](OC)[C@@H](C(=O)OC)[C@@]1([H])C[C@@]1([H])N(CCC3=C1NC1=C3C=CC(OC)=C1)C2,0,0,1,0,0,0
CC[C@H]1OC(=O)[C@H](C)[C@@H](O[C@H]2C[C@@](C)(OC)[C@@H](O)[C@H](C)O2)[C@H](C)[C@@H](O[C@@H]2O[C@H](C)C[C@@H]([C@H]2O)N(C)C)[C@](C)(O)C[C@@H](C)CN(C)[C@H](C)[C@@H](O)[C@]1(C)O,0,0,1,0,0,0
COC1=CC(C(O)CNC(=O)CN)=C(OC)C=C1,0,0,0,0,0,0
COC1=C(OC)C(CS(=O)C2=NC3=C(N2)C=C(OC(F)F)C=C3)=NC=C1,0,0,1,1,0,0
CN(C)CCCC1(OCC2=C1C=CC(=C2)C#N)C1=CC=C(F)C=C1,0,0,1,0,0,0
CN1CCC[C@@H]1CC1=CNC2=C1C=C(CCS(=O)(=O)C1=CC=CC=C1)C=C2,0,0,1,0,0,0
[H][C@@]12CCCC[C@]1([H])CN(C[C@@H](O)[C@H](CSC1=CC=CC=C1)NC(=O)C1=C(C)C(O)=CC=C1)[C@@H](C2)C(=O)NC(C)(C)C,1,0,1,1,0,0
CC(C)(C)NC(=O)[C@@H]1CN(CC2=CN=CC=C2)CCN1C[C@@H](O)C[C@@H](CC1=CC=CC=C1)C(=O)N[C@@H]1[C@H](O)CC2=CC=CC=C12,1,0,1,0,0,0
[H][C@]12[C@H](C[C@@H](C)C=C1C=C[C@H](C)[C@@H]2CC[C@@H]1C[C@@H](O)CC(=O)O1)OC(=O)[C@@H](C)CC,1,0,1,0,0,0
[H][C@]12SCC(CSC3=NN=NN3CCN(C)C)=C(N1C(=O)[C@H]2NC(=O)CC1=CSC(N)=N1)C(O)=O,0,0,0,0,0,0
CC(C)C[C@H](CN)CC(O)=O,0,0,0,0,0,0
[H][C@@](OC1=CC=CC=C1OCC)(C1=CC=CC=C1)[C@@]1([H])CNCCO1,0,0,1,0,0,0
NC1=C2N=CN([C@H]3C[C@H](O)[C@@H](CO)O3)C2=NC(Cl)=N1,0,0,0,1,0,0
O=C1NC(=O)C(N1)(C1=CC=CC=C1)C1=CC=CC=C1,0,0,1,0,0,0
[H][C@@]12[C@@H](C)C3=C(C(O)=CC=C3)C(=O)C1=C(O)[C@]1(O)C(=O)C(C(N)=O)=C(O)[C@@H](N(C)C)[C@]1([H])[C@H]2O,0,0,0,0,0,0
CCC(=C(CC)C1=CC=C(O)C=C1)C1=CC=C(O)C=C1,0,0,1,1,0,0
ClC1=CC=CC=C1C(N1C=CN=C1)(C1=CC=CC=C1)C1=CC=CC=C1,0,0,1,0,0,0
N[C@@H]1CONC1=O,0,0,0,0,0,0
COCCC1=CC=C(OCC(O)CNC(C)C)C=C1,0,0,1,0,0,0
[H][C@]12SCC(CSC3=NN=NN3C)=C(N1C(=O)[C@]2(NC(=O)CSCC#N)OC)C(O)=O,0,0,0,0,0,0
CCCC1=NC(=C(N1CC1=CC=C(C=C1)C1=C(C=CC=C1)C1=NN=NN1)C(O)=O)C(C)(C)O,0,0,0,0,0,0
COC1=C(NC2=C3C=CC=CC3=NC3=CC=CC=C23)C=CC(NS(C)(=O)=O)=C1,0,0,1,0,0,0
CN1C2=C(NC=N2)C(=O)N(C)C1=O,0,0,0,0,0,0
N[C@@H](CC1=CC(I)=C(OC2=CC(I)=C(O)C=C2)C(I)=C1)C(O)=O,1,0,1,0,0,0
CC(C)N(CCC(C(N)=O)(C1=CC=CC=C1)C1=NC=CC=C1)C(C)C,0,0,0,0,0,0
CCN(CC)CC(=O)NC1=C(C)C=CC=C1C,0,0,1,0,0,0
COC1=CC=C(C=C1)C(CN(C)C)C1(O)CCCCC1,0,0,1,1,0,0
C[C@]12CCC3C(C1CCC2=O)CCC4=C3C=CC(=C4)OS(=O)(=O)[O-].[Na+],1,1,1,1,1,0
OC(=O)CCCC1=CC=C(C=C1)N(CCCl)CCCl,1,0,0,0,0,0
[H][C@@]12OC3=C(O)C=CC4=C3[C@@]11CCN(C)[C@]([H])(C4)[C@]1([H])C=C[C@@H]2O,0,0,1,0,0,0
[H][C@@](C)(CN1C=NC2=C(N)N=CN=C12)OCP(=O)(OCOC(=O)OC(C)C)OCOC(=O)OC(C)C,0,0,0,0,1,0
NC[C@H]1CC[C@@H](CC1)C(O)=O,0,0,0,0,0,0
CO[C@]12[C@H]3N[C@H]3CN1C1=C([C@H]2COC(N)=O)C(=O)C(N)=C(C)C1=O,0,0,1,0,0,0
CCOC1=CC2=C(C=C1)N=C(S2)S(N)(=O)=O,0,0,0,0,0,0
CCCC(CCC)C(O)=O,0,0,0,0,0,0
CC(=O)NC1=CC=C(O)C=C1,0,0,1,0,0,0
COC1=C(OCCCN2CCOCC2)C=C2C(NC3=CC(Cl)=C(F)C=C3)=NC=NC2=C1,0,0,1,1,0,0
[H][C@@]12OC3=C(OC)C=CC4=C3[C@@]11CCN(C)[C@]([H])(C4)[C@]1([H])C=C[C@@H]2O,0,0,0,0,0,0
[H][C@]12SC(C)(C)[C@@H](N1C(=O)[C@H]2NC(=O)[C@H](NC(=O)N1CCN(CC)C(=O)C1=O)C1=CC=CC=C1)C(O)=O,0,0,0,0,0,0
[H][C@@]12CCCN1C(=O)[C@H](CC1=CC=CC=C1)N1C(=O)[C@](C)(NC(=O)[C@H]3CN(C)[C@]4([H])CC5=CNC6=CC=CC(=C56)[C@@]4([H])C3)O[C@@]21O,0,0,1,0,0,0
CN(C)CCC=C1C2=CC=CC=C2CCC2=CC=CC=C12,0,0,1,0,0,0
COC1=CC2=C(C=C1)N(C(=O)C1=CC=C(Cl)C=C1)C(C)=C2CC(O)=O,1,0,1,0,1,0
CN(C)C(=N)NC(N)=N,0,0,0,0,0,0
[Br-].[H][C@]12CC[C@]([H])(C[C@@H](C1)OC(=O)C(CO)C1=CC=CC=C1)[N@+]2(C)C(C)C,0,0,0,0,0,0
CCC(=O)C(CC(C)N(C)C)(C1=CC=CC=C1)C1=CC=CC=C1,0,0,1,0,0,0
CN1CCN(CC1)C1=NC2=CC=CC=C2NC2=C1C=C(C)S2,0,0,1,0,0,0
CC(C)NCC(O)COC1=CC=C(CC(N)=O)C=C1,0,0,1,0,0,0
COC1=CC2=C(C=C1)N=C(N2)S(=O)CC1=NC=C(C)C(OC)=C1C,0,0,1,1,0,0
CC(C)(C)C1=CC=C(C=C1)C(O)CCCN1CCC(CC1)C(O)(C1=CC=CC=C1)C1=CC=CC=C1,0,0,1,0,0,0
COC1=CC=C(C=C1)[C@@H]1SC2=CC=CC=C2N(CCN(C)C)C(=O)[C@@H]1OC(C)=O,0,0,1,0,0,0
CNCCCC1C2=CC=CC=C2C=CC2=CC=CC=C12,0,0,1,0,0,0
NC1=CC=C(C=C1)C(=O)NCC(O)=O,1,0,1,0,0,0
CN1C2=C(C=C(Cl)C=C2)N(C2=CC=CC=C2)C(=O)CC1=O,0,0,1,0,0,0
[H][C@@]12CC[C@](OC(C)=O)(C(C)=O)[C@@]1(C)CC[C@@]1([H])[C@@]2([H])C=C(C)C2=CC(=O)CC[C@]12C,0,0,1,0,0,0
NC1=NC(=S)C2=C(N1)N=CN2,0,0,0,0,1,0
OC(C1CCCCN1)C1=CC(=NC2=C1C=CC=C2C(F)(F)F)C(F)(F)F,0,0,1,0,0,0
[H][C@@]12N(C)C3=CC(OC)=C(C=C3[C@@]11CCN3CC=C[C@](CC)([C@@]13[H])[C@@]([H])(OC(C)=O)[C@]2(O)C(=O)OC)[C@]1(C[C@@]2([H])CN(CC(CC)=C2)CC2=C1NC1=CC=CC=C21)C(=O)OC,0,0,1,0,0,0
CN1CCN(CC1)C1=NC2=CC(Cl)=CC=C2NC2=CC=CC=C12,0,0,1,0,0,0
CC1CN(CCN1)C1=C(F)C(C)=C2C(=O)C(=CN(C3CC3)C2=C1)C(O)=O,0,0,1,0,0,0
NC[C@H](O)C1=CC(O)=C(O)C=C1,0,0,0,0,0,0
NC1=NC(=O)N(C[C@@H](CO)OCP(O)(O)=O)C=C1,0,0,0,0,0,0
CCCC(C)(COC(N)=O)COC(N)=O,0,0,1,0,0,0
[H][C@](O)(CNC(C)(C)C)COC1=NSN=C1N1CCOCC1,0,0,1,0,0,0
CCOC(=O)C1=C(COCCN)NC(C)=C(C1C1=CC=CC=C1Cl)C(=O)OC,0,0,1,0,0,0
NC1=C2CCCCC2=NC2=CC=CC=C12,0,0,1,0,0,0
[H][C@]12CC[C@]3([H])[C@]([H])(C[C@@H](O)[C@]4(C)[C@H](CC[C@]34O)C3=CC(=O)OC3)[C@@]1(C)CC[C@@H](C2)O[C@H]1C[C@H](O)[C@H](O[C@H]2C[C@H](O)[C@H](O[C@H]3C[C@H](O)[C@H](O)[C@@H](C)O3)[C@@H](C)O2)[C@@H](C)O1,1,1,1,0,0,0
[H][C@@]12CC[C@H](C(C)=O)[C@@]1(C)CC[C@@]1([H])[C@@]2([H])CCC2=CC(=O)CC[C@]12C,0,0,1,0,0,0
CNC(=O)C1=NC=CC(OC2=CC=C(NC(=O)NC3=CC(=C(Cl)C=C3)C(F)(F)F)C=C2)=C1,0,0,1,1,1,0
OC(CN1C=CN=C1)(P(O)(O)=O)P(O)(O)=O,0,0,0,0,0,0
COC(=O)C1=C(C)NC(C)=C(C1C1=CC=CC=C1[N+]([O-])=O)C(=O)OCC(C)C,0,0,1,0,0,0
CN(C)C1=CC=C(C=C1)C(C1=CC=C(C=C1)N(C)C)=C1C=CC(C=C1)=[N+](C)C,0,0,0,0,0,0
CN(CCOC1=CC=C(CC2SC(=O)NC2=O)C=C1)C1=CC=CC=N1,0,0,0,0,0,0
CCCN[C@H]1CCC2=C(C1)SC(N)=N2,0,0,0,0,0,0
[H][C@]12SC(C)(C)[C@@H](N1C(=O)[C@H]2NC(=O)[C@H](N)C1=CC=CC=C1)C(O)=O,0,0,0,0,0,0
[H][C@@]12CC[C@@]3(CCC(=O)O3)[C@@]1(C)CC[C@@]1([H])[C@@]2([H])[C@@]([H])(CC2=CC(=O)CC[C@]12C)SC(C)=O,1,0,1,0,0,0
CN(N=O)C(=O)N[C@H]1[C@@H](O)O[C@H](CO)[C@@H](O)[C@@H]1O,0,0,1,0,0,0
OC[C@H]1O[C@H](C[C@@H]1O)N1C=C(C(=O)NC1=O)C(F)(F)F,0,0,0,0,0,0
O=C1N=CN=C2NNC=C12,0,0,0,0,0,0
[O-]C(=O)C1=C(CS[C@]2([H])[C@H](NC(=O)C(=N/OC(C)(C)C(O)=O)\C3=CSC(N)=N3)C(=O)N12)C[N+]1=CC=CC=C1,0,0,0,0,0,0
COCC1=C(C2=CC=C(F)C=C2)C(\C=C\[C@@H](O)C[C@@H](O)CC(O)=O)=C(C(C)C)N=C1C(C)C,0,0,1,1,0,0
COC1=CC(CC2=CN=C(N)N=C2N)=CC(OC)=C1OC,0,0,1,0,0,0
NC1=NC(=O)N(C=C1)[C@@H]1O[C@H](CO)[C@@H](O)C1(F)F,0,0,1,0,0,0
[H][C@@]12C[C@H](C)[C@](O)(C(=O)CO)[C@@]1(C)C[C@H](O)[C@@]1(F)[C@@]2([H])CCC2=CC(=O)C=C[C@]12C,0,0,1,0,0,0
[H][C@]12COC(=O)[C@]1([H])[C@]([H])(C1=CC(OC)=C(O)C(OC)=C1)C1=CC3=C(OCO3)C=C1[C@@]2([H])O[C@]1([H])O[C@]2([H])CO[C@]([H])(O[C@@]2([H])[C@]([H])(O)[C@@]1([H])O)C1=CC=CS1,0,0,0,1,0,0
COC1=CC=CC2=C1C(=O)C1=C(O)C3=C(C[C@](O)(C[C@@H]3O[C@H]3C[C@H](N)[C@@H](O)[C@H](C)O3)C(=O)CO)C(O)=C1C2=O,0,0,0,0,0,0
OC[C@@H](NC(=O)C(Cl)Cl)[C@H](O)C1=CC=C(C=C1)[N+]([O-])=O,0,0,0,0,0,0
N[C@@H](C(=O)N[C@H]1[C@H]2CCC(Cl)=C(N2C1=O)C(O)=O)C1=CC=CC=C1,0,0,0,0,0,0
CC1=C(OCC(F)(F)F)C=CN=C1CS(=O)C1=NC2=CC=CC=C2N1,0,0,1,1,0,0
N[C@@H](CC1=CC(I)=C(OC2=CC(I)=C(O)C(I)=C2)C(I)=C1)C(O)=O,1,0,1,0,0,0
CCOC(=O)N1CCC(CC1)=C1C2=C(CCC3=C1N=CC=C3)C=C(Cl)C=C2,0,0,1,0,0,0
[H][C@]12SCC(COC(C)=O)=C(N1C(=O)[C@H]2NC(=O)CC1=CC=CS1)C(O)=O,0,0,0,0,0,0
COC1=C(OC)C=C2C(N)=NC(=NC2=C1)N1CCN(CC1)C(=O)C1=CC=CO1,0,0,1,1,0,0
CN(C)CCCN1C2=CC=CC=C2CCC2=CC=CC=C12,0,0,1,0,0,0
[H][C@]1(C[C@@H]2CC[N@]1C[C@@H]2C=C)[C@H](O)C1=CC=NC2=CC=C(OC)C=C12,1,0,1,0,0,0
CN1C(C(=O)NC2=CC=CC=N2)=C(O)C2=C(C=CS2)S1(=O)=O,0,0,0,0,0,0
[H][C@@]12C=C(C)CC[C@@]1([H])C(C)(C)OC1=C2C(O)=CC(CCCCC)=C1,0,0,1,1,0,0
OC(=O)CC1(CC1)CS[C@H](CCC1=CC=CC=C1C(O)(C)C)C1=CC=CC(\C=C\C2=NC3=C(C=CC(Cl)=C3)C=C2)=C1,0,1,0,0,0,0
CNCCC(OC1=CC=C(C=C1)C(F)(F)F)C1=CC=CC=C1,0,0,1,0,0,0
CN(C)CCCN1C2=CC=CC=C2SC2=C1C=C(Cl)C=C2,0,0,1,0,0,0
NC1=CC=CC2=C1CN(C1CCC(=O)NC1=O)C2=O,0,0,1,0,0,0
CC1=CC=C(C=C1)C1=CC(=NN1C1=CC=C(C=C1)S(N)(=O)=O)C(F)(F)F,0,0,0,0,1,0
[H][C@]12SC(C)(C)[C@@H](N1C(=O)[C@H]2NC(=O)C1=C(C)ON=C1C1=C(Cl)C=CC=C1Cl)C(O)=O,0,0,0,0,0,0
O=C1CC2(CCCC2)CC(=O)N1CCCCN1CCN(CC1)C1=NC=CC=N1,0,0,1,0,0,0
CCC(=O)O[C@@H](O[P@](=O)(CCCCC1=CC=CC=C1)CC(=O)N1C[C@@H](C[C@H]1C(O)=O)C1CCCCC1)C(C)C,0,0,0,0,0,0
[H][C@]12SCC(COC(C)=O)=C(N1C(=O)[C@H]2NC(=O)C(=N/OC)\C1=CSC(N)=N1)C(O)=O,0,0,0,0,0,0
CC1=CN([C@H]2C[C@H](N=[N+]=[N-])[C@@H](CO)O2)C(=O)NC1=O,0,0,1,1,1,1
CN1C(CC(O)=O)=CC=C1C(=O)C1=CC=C(C)C=C1,0,0,0,0,0,0
C\N=C(\NCCSCC1=C(C)NC=N1)NC#N,0,0,1,0,0,0
OC1(CCN(CCCC(=O)C2=CC=C(F)C=C2)CC1)C1=CC=C(Cl)C=C1,0,0,1,0,0,0
CC(C)[C@H](NC(=O)N(C)CC1=CSC(=N1)C(C)C)C(=O)N[C@H](C[C@H](O)[C@H](CC1=CC=CC=C1)NC(=O)OCC1=CN=CS1)CC1=CC=CC=C1,1,0,1,1,0,0
CN(C)CCCN1C2=CC=CC=C2SC2=C1C=C(C=C2)C(F)(F)F,0,0,1,0,0,0
N[C@H](CC1=CC(I)=C(OC2=CC(I)=C(O)C(I)=C2)C(I)=C1)C(O)=O,0,0,0,0,0,0
[H][C@]12CC3=C(C=C(OC)C=C3)[C@@]3(CCCC[C@]13[H])CCN2C,0,0,1,0,0,0
N[Pt](N)(Cl)Cl,0,0,1,1,0,1
CCCSC1=CC2=C(C=C1)N=C(NC(=O)OC)N2,0,0,1,0,0,0
[H][C@@]12C[C@H](N(C(=O)[C@H](C)N[C@@H](CCC3=CC=CC=C3)C(=O)OCC)[C@@]1([H])CCCC2)C(O)=O,0,0,0,0,0,0
CCC(C)CC(C)CCCCCCCCC(=O)N[C@H]1C[C@@H](O)[C@@H](NCCN)NC(=O)[C@@H]2[C@@H](O)CCN2C(=O)[C@@H](NC(=O)[C@@H](NC(=O)[C@@H]2C[C@@H](O)CN2C(=O)[C@@H](NC1=O)[C@@H](C)O)[C@H](O)[C@@H](O)C1=CC=C(O)C=C1)[C@H](O)CCN,0,0,1,0,0,0
C\C(\C=C\C1=C(C)CCCC1(C)C)=C\C=C\C(\C)=C\C(O)=O,0,0,1,0,0,0
[H][N]1([H])[C@@H]2CCCC[C@H]2[N]([H])([H])[Pt]11OC(=O)C(=O)O1,0,0,0,1,0,0
OC(=O)P(O)(O)=O,0,0,0,0,0,0
COCCOC1=C(OCCOC)C=C2C(NC3=CC=CC(=C3)C#C)=NC=NC2=C1,0,0,1,1,0,0
ClCCN(CCCl)P1(=O)NCCCO1,0,0,1,0,0,0
CS(=O)(=O)C1=CC=C(C=C1)C1=C(C(=O)OC1)C1=CC=CC=C1,0,0,0,0,1,0
[H][C@]12SCC(C=C)=C(N1C(=O)[C@H]2NC(=O)C(=N/O)\C1=CSC(N)=N1)C(O)=O,0,0,0,0,0,0
NC(N)=N,0,0,0,0,0,0
OC(=O)C1=CN(C2CC2)C2=CC(N3CCNCC3)=C(F)C=C2C1=O,0,0,1,0,0,0
CN(C)CCOC1=CC=C(C=C1)C(=C(\CCCl)C1=CC=CC=C1)\C1=CC=CC=C1,0,0,1,0,0,0
[H][C@@]12N3CC[C@@]11C4=CC(=C(OC)C=C4N(C=O)[C@@]1([H])[C@](O)([C@H](OC(C)=O)[C@]2(CC)C=CC3)C(=O)OC)[C@]1(C[C@]2([H])CN(C[C@](O)(CC)C2)CCC2=C1NC1=CC=CC=C21)C(=O)OC,0,0,1,1,0,0
CCOC(=O)[C@H](CCC1=CC=CC=C1)N[C@H]1CCC2=CC=CC=C2N(CC(O)=O)C1=O,0,0,0,0,0,0
FC1=CNC(=O)NC1=O,0,0,0,1,1,1
COC1=C(CC2=CN(C)C3=C2C=C(NC(=O)OC2CCCC2)C=C3)C=CC(=C1)C(=O)NS(=O)(=O)C1=CC=CC=C1C,0,0,0,1,0,0
CN1C(C(=O)NC2=NC=CC=C2)=C(O)C2=C(C=CC=C2)S1(=O)=O,0,0,0,0,0,0
NC1=NC(N)=C(N=N1)C1=C(Cl)C(Cl)=CC=C1,0,0,1,0,0,0
COC1=CC=CC=C1OC1=C(NS(=O)(=O)C2=CC=C(C=C2)C(C)(C)C)N=C(N=C1OCCO)C1=NC=CC=N1,0,0,0,0,0,0
CN(CC1=CN=C2N=C(N)N=C(N)C2=N1)C1=CC=C(C=C1)C(=O)N[C@@H](CCC(O)=O)C(O)=O,1,0,1,1,1,0
NC(=O)N1C2=CC=CC=C2C=CC2=CC=CC=C12,0,0,1,0,0,0
[H][C@]12SCC(C)=C(N1C(=O)[C@H]2NC(=O)[C@H](N)C1=CC=CC=C1)C(O)=O,0,0,0,0,0,0
[H][C@@]12N(C)C3=CC(OC)=C(C=C3[C@@]11CCN3CC=C[C@](CC)([C@@]13[H])[C@@]([H])(OC(C)=O)[C@]2(O)C(=O)OC)[C@]1(C[C@@]2([H])CN(C[C@](O)(CC)C2)CCC2=C1NC1=CC=CC=C21)C(=O)OC,0,0,1,0,0,0
CC(C)NCC(O)COC1=CC=CC2=CC=CC=C12,0,0,1,0,0,0
ClC1=CC=CC(Cl)=C1NC1=NCCN1,0,0,1,0,0,0
CC(C)[C@H](N)C(=O)OCCOCN1C=NC2=C1NC(N)=NC2=O,0,0,0,0,0,0
[H][C@]12SC(C)(C)[C@@H](N1C(=O)[C@H]2NC(=O)C(C(O)=O)C1=CC=CC=C1)C(O)=O,0,0,0,0,0,0
C[N+](C)(C)C[C@H](O)CC([O-])=O,0,0,0,0,0,0
CCOC(=O)[C@H](CCC1=CC=CC=C1)N[C@@H](C)C(=O)N1CCC[C@H]1C(O)=O,1,0,1,0,0,0
CNC(NCCSCC1=CSC(CN(C)C)=N1)=C[N+]([O-])=O,0,0,1,0,0,0
OC(=O)CC1=CC=CC=C1NC1=C(Cl)C=CC=C1Cl,0,0,1,0,1,0
COC1=C(OC)C=C2C(N)=NC(=NC2=C1)N1CCN(CC1)C(=O)C1COC2=CC=CC=C2O1,0,0,1,0,0,0
NC(N)=NC(=O)C1=C(N)N=C(N)C(Cl)=N1,0,0,0,0,0,0
[H][C@@]12[C@@H](O)[C@@]3([H])C(C(=O)C4=C(O)C=CC=C4[C@@]3(C)O)=C(O)[C@]1(O)C(=O)C(C(N)=O)=C(O)[C@H]2N(C)C,0,0,0,0,0,0
CO[C@H]1C[C@@H](O[C@@H](C)[C@@H]1O)O[C@H]1[C@H](C)O[C@H](C[C@@H]1OC)O[C@H]1[C@@H](C)\C=C\C=C2/CO[C@@H]3[C@H](O)C(C)=C[C@@H](C(=O)O[C@H]4C[C@@H](C\C=C1/C)O[C@@]1(CC[C@H](C)[C@@H](C(C)C)O1)C4)[C@]23O.CC[C@@H](C)[C@H]1O[C@@]2(CC[C@@H]1C)O[C@@H]1C\C=C(C)\[C@@H](O[C@@H]3O[C@@H](C)[C@H](O[C@@H]4O[C@@H](C)[C@H](O)[C@@H](OC)C4)[C@@H](OC)C3)[C@@H](C)\C=C\C=C3/CO[C@@H]4[C@H](O)C(C)=C[C@@H](C(=O)O[C@@H](C1)C2)[C@]34O,0,0,1,1,0,0
CC1=C(CC(O)=O)C2=CC(F)=CC=C2\C1=C/C1=CC=C(C=C1)S(C)=O,0,0,0,0,0,0
NS(=O)(=O)C1=C(Cl)C=C2NC(NS(=O)(=O)C2=C1)C1CC2CC1C=C2,0,0,0,0,0,0
[H][C@]12SC(C)(C)[C@@H](N1C(=O)[C@H]2NC(=O)C1=C(OCC)C=CC2=CC=CC=C12)C(O)=O,0,0,0,0,0,0
CCN(CC)CCCC(C)NC1=C2C=CC(Cl)=CC2=NC=C1,0,0,1,0,0,0
CN1CCN(CC2=CC=C(C=C2)C(=O)NC2=CC(NC3=NC=CC(=N3)C3=CN=CC=C3)=C(C)C=C2)CC1,0,0,1,1,0,0
COC(=O)C1=C(C)NC(C)=C(C1C1=CC(=CC=C1)[N+]([O-])=O)C(=O)OCCN(C)CC1=CC=CC=C1,0,0,1,0,0,0
OCCN1CCN(CCCN2C3=CC=CC=C3SC3=C2C=C(C=C3)C(F)(F)F)CC1,0,0,1,0,0,0
[H][C@@]12CC[C@H](O)[C@@]1(C)CC[C@@]1([H])[C@@]2([H])CCC2=CC(=O)CC[C@]12C,1,0,1,1,0,0
OC(=O)C1=CN=CC=C1,0,1,0,0,0,0
[H][C@]1(F)[C@H](O)[C@@H](CO)O[C@H]1N1C=NC2=C(N)N=C(Cl)N=C12,0,0,0,1,0,0
[H][C@@]12CC[C@](O)(C(=O)CO)[C@@]1(C)CC(=O)[C@@]1([H])[C@@]2([H])CCC2=CC(=O)C=C[C@]12C,1,0,1,0,0,0
COC1=CC=C(CCN2CCC(CC2)NC2=NC3=CC=CC=C3N2CC2=CC=C(F)C=C2)C=C1,0,0,1,0,0,0
NC1=C2N=CN([C@@H]3O[C@H](CO)[C@@H](O)[C@H]3O)C2=NC=N1,0,0,0,0,0,0
[H][C@]12[C@H](C[C@@H](C)C=C1C=C[C@H](C)[C@@H]2CC[C@@H]1C[C@@H](O)CC(=O)O1)OC(=O)C(C)(C)CC,1,0,1,0,0,0
COC(=O)NC1=NC2=C(N1)C=C(C=C2)C(=O)C1=CC=CC=C1,0,0,1,0,0,0
CC1=CN([C@@H]2O[C@H](CO)C=C2)C(=O)NC1=O,0,0,0,0,0,0
CC(C)OC(=O)CCC\C=C/C[C@H]1[C@@H](O)C[C@@H](O)[C@@H]1CC[C@@H](O)CCC1=CC=CC=C1,0,1,0,0,0,0
[H][C@@]12CCC(=O)[C@@]1(C)CC[C@]1([H])C3=C(CC[C@@]21[H])C=C(O)C=C3,1,1,1,1,0,0
ClC1=CC=CC(=C1)N1CCN(CCCN2N=C3C=CC=CN3C2=O)CC1,0,0,1,0,0,0
CC(=O)NCCCS(O)(=O)=O,0,0,0,0,0,0
COC1=C(OC)C=C(CCN(C)CCCC(C#N)(C(C)C)C2=CC(OC)=C(OC)C=C2)C=C1,1,0,1,1,1,0
CNC[C@H](O)C1=CC(O)=C(O)C=C1,0,0,0,0,0,0
CNS(=O)(=O)CC1=CC2=C(NC=C2CCN(C)C)C=C1,1,0,1,1,0,0
[H][C@]12SCC(C=C)=C(N1C(=O)[C@H]2NC(=O)C(=N/OCC(O)=O)\C1=CSC(N)=N1)C(O)=O,0,0,0,0,0,0
CCCNC(=O)NS(=O)(=O)C1=CC=C(Cl)C=C1,0,0,1,0,0,0
CC\C(=C(/C1=CC=CC=C1)C1=CC=C(OCCN(C)C)C=C1)C1=CC=CC=C1,0,0,1,1,0,0
CCCCC1=NC(Cl)=C(CO)N1CC1=CC=C(C=C1)C1=CC=CC=C1C1=NNN=N1,0,0,1,0,0,0
CC1=NC=C2CN=C(C3=CC=CC=C3F)C3=C(C=CC(Cl)=C3)N12,0,0,1,0,0,0
COC1=C(C\C=C(/C)CCC(=O)OCCN2CCOCC2)C(O)=C2C(=O)OCC2=C1C,0,0,1,1,0,0
[H][C@]12SCC(COC(C)=O)=C(N1C(=O)[C@H]2NC(=O)[C@H](N)C1=CC=CC=C1)C(O)=O,0,0,0,0,0,0
CCN(CC)CCN1C2=C(C=C(Cl)C=C2)C(=NCC1=O)C1=CC=CC=C1F,0,0,1,0,0,0
CCOC(=O)[C@H](CCC1=CC=CC=C1)N[C@@H](C)C(=O)N1CC2=CC(OC)=C(OC)C=C2C[C@H]1C(O)=O,0,0,0,0,0,0
OC1=CC2=C(C=C1)C1(OC(=O)C3=CC=CC=C13)C1=C(O2)C=C(O)C=C1,0,0,0,0,0,0
COC1=CC=CC2=C1C(=O)C1=C(O)C3=C(C[C@](O)(C[C@@H]3O[C@H]3C[C@H](N)[C@H](O)[C@H](C)O3)C(C)=O)C(O)=C1C2=O,0,0,1,1,0,0
NS(=O)(=O)C1=C(Cl)C=C(NCC2=CC=CO2)C(=C1)C(O)=O,0,0,0,0,0,0
[H][C@@]12CCCN1C(=O)[C@H](CC1=CC=CC=C1)N1C(=O)[C@](C)(NC(=O)[C@H]3CN(C)[C@]4([H])CC5=CNC6=CC=CC(=C56)C4=C3)O[C@@]21O,0,0,1,0,0,0
[O-][N+](=O)C1=CC=C(O1)\C=N\N1CC(=O)NC1=O,0,0,0,1,0,0
CC(C)CN(C[C@@H](O)[C@H](CC1=CC=CC=C1)NC(=O)O[C@H]1CCOC1)S(=O)(=O)C1=CC=C(N)C=C1,0,0,1,0,0,0
CN1N=C(SC1=NC(C)=O)S(N)(=O)=O,0,0,0,0,0,0
[H][C@@]12OC3=C(O)C=CC4=C3[C@@]11CCN(CC3CC3)[C@]([H])(C4)[C@]1(O)CCC2=O,0,0,1,0,0,0
NC1=NC(=O)N(C=C1)[C@@H]1CS[C@H](CO)O1,0,0,1,1,1,0
CC(C(O)=O)C1=CC(F)=C(C=C1)C1=CC=CC=C1,0,0,0,0,1,0
[H][C@]12SC(C)(C)[C@@H](N1C(=O)[C@H]2NC(=O)C1=C(C)ON=C1C1=CC=CC=C1)C(O)=O,0,0,0,0,0,0
FC1=CC=C(C=C1)[C@@H]1CCNC[C@H]1COC1=CC2=C(OCO2)C=C1,0,0,1,0,0,0
[H][C@@]12CC[C@@](O)(C#C)[C@@]1(C)CC[C@]1([H])[C@@]3([H])CCC(=O)C=C3CC[C@@]21[H],0,0,1,0,0,0
CC(C)(C)C(=O)OCOP(=O)(COCCN1C=NC2=C(N)N=CN=C12)OCOC(=O)C(C)(C)C,0,0,0,0,1,1
CC(CN(C)C)CN1C2=CC=CC=C2CCC2=CC=CC=C12,0,0,1,0,0,0
[H][C@@]12C[C@@H]([C@H](OC(C)=O)[C@@]1(C)CC[C@@]1([H])[C@@]2([H])CC[C@@]2([H])C[C@H](O)[C@H](C[C@]12C)N1CCOCC1)[N+]1(CC=C)CCCC1,1,0,0,0,0,0
[H][C@](CC1=CC=CC=C1)(N=C(O)[C@@]1([H])CC[C@@]([H])(CC1)C(C)C)C(O)=O,0,0,0,0,1,0
NC1=NC2=C(S1)C=C(OC(F)(F)F)C=C2,0,0,0,1,0,0
[H][C@@]12CC[C@](O)(C(=O)CO)[C@@]1(C)C[C@H](O)[C@@]1([H])[C@@]2([H])CCC2=CC(=O)CC[C@]12C,1,0,1,1,0,0
OC[C@@H](O)[C@@H](O)[C@H](O)[C@H](O)CO,0,0,1,0,0,0
CN1[C@H]2C[C@@H](C[C@@H]1[C@H]1O[C@@H]21)OC(=O)[C@H](CO)C1=CC=CC=C1,0,0,1,0,0,0
CCC1=C2NC3=C(CCOC3(CC)CC(O)=O)C2=CC=C1,0,0,0,0,0,0
NC1=NCC2N1C1=CC=CC=C1CC1=CC=CC=C21,0,0,1,0,0,0
CC(C=CC1=C(C)CCCC1(C)C)=CC=CC(C)=CC(O)=O,0,0,0,0,0,0
[H][C@@](N1CCC2=C(C1)C=CS2)(C(=O)OC)C1=CC=CC=C1Cl,0,0,1,0,0,0
[H][C@@]12C[C@@]3([H])C(=C(O)[C@]1(O)C(=O)C(C(N)=O)=C(O)[C@H]2N(C)C)C(=O)C1=C(O)C=CC=C1[C@@]3(C)O,0,0,0,0,0,0
[Cl-].[K+],0,0,0,0,0,0
CCC1=C2CN3C(=CC4=C(COC(=O)[C@]4(O)CC)C3=O)C2=NC2=C1C=C(OC(=O)N1CCC(CC1)N1CCCCC1)C=C2,0,0,1,1,0,0
CCCCC[C@H](O)C=C[C@H]1[C@H](O)CC(=O)[C@@H]1CCCCCCC(O)=O,0,1,0,0,1,1
[H][C@]12COC(=O)[C@]1([H])[C@H](C1=CC(OC)=C(O)C(OC)=C1)C1=CC3=C(OCO3)C=C1[C@H]2O[C@@H]1O[C@]2([H])CO[C@@H](C)O[C@@]2([H])[C@H](O)[C@H]1O,0,0,1,1,0,0
CCN1C=C(C(O)=O)C(=O)C2=C1N=C(C)C=C2,0,0,0,0,0,0
[H][C@@]12CC[C@H](O)[C@@]1(C)CC[C@]1([H])C3=C(CC[C@@]21[H])C=C(O)C=C3,1,1,1,1,0,0
NC1=NC(=O)C2=C(N1)N(COCCO)C=N2,0,0,0,0,0,0
COC1=CC2=C(C=C1)C=C(C=C2)[C@H](C)C(O)=O,1,0,0,0,0,0
[H][C@]12C[C@H](N(C(=O)[C@H](C)N[C@@H](CCC)C(=O)OCC)[C@@]1([H])CCCC2)C(O)=O,0,0,1,0,0,0
OC(=O)C1=CC(=CC=C1O)\N=N\C1=CC=C(C=C1)S(=O)(=O)NC1=NC=CC=C1,0,0,0,1,0,0
CCOC1=NC2=C(N1CC1=CC=C(C=C1)C1=CC=CC=C1C1=NN=NN1)C(=CC=C2)C(=O)OC(C)OC(=O)OC1CCCCC1,0,0,1,0,0,0
CNC(C)C1CCC(N)C(OC2C(N)CC(N)C(OC3OCC(C)(O)C(NC)C3O)C2O)O1,0,0,0,0,0,0
CCN1N=NN(CCN2CCC(COC)(CC2)N(C(=O)CC)C2=CC=CC=C2)C1=O,0,0,1,0,0,0
OC(CCN1CCCCC1)(C1CC2CC1C=C2)C1=CC=CC=C1,0,0,1,0,0,0
NC(=O)C1=NN(C=N1)[C@@H]1O[C@H](CO)[C@@H](O)[C@H]1O,0,0,0,0,0,0
CCCCC1C(=O)N(N(C1=O)C1=CC=CC=C1)C1=CC=CC=C1,0,0,0,0,0,0
CCC(=O)N(C1CCN(CCC2=CC=CC=C2)CC1)C1=CC=CC=C1,0,0,1,0,0,0
CN1C(C(=O)NC2=NC=C(C)S2)=C(O)C2=C(C=CC=C2)S1(=O)=O,0,0,0,0,1,0
CC(=O)NC1=NN=C(S1)S(N)(=O)=O,0,0,0,0,0,0
CC(C(O)=O)C1=CC2=C(C=C1)C1=C(N2)C=CC(Cl)=C1,0,0,0,0,0,0
CCN1N=C(C(O)=O)C(=O)C2=CC3=C(OCO3)C=C12,0,0,0,0,0,0
CN1C2=C(C=C(Cl)C=C2)C(=NCC1=O)C1=CC=CC=C1,0,0,1,0,0,0
CN1CCN(CCCN2C3=CC=CC=C3SC3=C2C=C(C=C3)C(F)(F)F)CC1,0,0,1,0,0,0
[H][C@]12SCC(Cl)=C(N1C(=O)[C@H]2NC(=O)[C@H](N)C1=CC=CC=C1)C(O)=O,0,0,0,0,0,0
[H][C@@]12CC[C@@](O)(C#CC)[C@@]1(C)C[C@H](C1=CC=C(C=C1)N(C)C)C1=C3CCC(=O)C=C3CC[C@@]21[H],0,0,1,0,0,0
CN(C)C(=O)C(CCN1CCC(O)(CC1)C1=CC=C(Cl)C=C1)(C1=CC=CC=C1)C1=CC=CC=C1,0,0,1,0,0,0
CC(C)N=C1C=C2N(C3=CC=C(Cl)C=C3)C3=C(C=CC=C3)N=C2C=C1NC1=CC=C(Cl)C=C1,0,0,1,0,0,0
NCC(=O)CCC(O)=O,0,0,0,0,0,0
[H][C@](N)(C(O)=O)C(C)(C)S,0,0,0,0,0,0
[H][C@@]12CC[C@](O)(C(=O)CO)[C@@]1(C)C[C@H](O)[C@@]1([H])[C@@]2([H])CCC2=CC(=O)C=C[C@]12C,1,0,1,0,0,0
OC(=O)C1=C(O)C=CC(=C1)C1=C(F)C=C(F)C=C1,0,0,0,0,0,0
CN\C(NCCSCC1=CC=C(CN(C)C)O1)=C/[N+]([O-])=O,0,0,1,0,0,0
CO[C@@H]1C[C@@H](CC[C@H]1O)\C=C(/C)[C@H]1OC(=O)[C@@H]2CCCCN2C(=O)C(=O)[C@]2(O)O[C@@H]([C@H](C[C@H]2C)OC)[C@H](C[C@@H](C)C\C(C)=C\[C@@H](CC=C)C(=O)C[C@H](O)[C@H]1C)OC,0,0,1,0,0,0
[H]\C(CCN1CCN(CCO)CC1)=C1/C2=CC=CC=C2SC2=C1C=C(C=C2)C(F)(F)F,0,0,1,0,0,0
CCCCC1=NC=C(\C=C(/CC2=CC=CS2)C(O)=O)N1CC1=CC=C(C=C1)C(O)=O,0,0,0,0,0,0
[H][C@@]1(C[C@@H](C)[C@]2([H])CC(=O)[C@H](C)\C=C(C)\[C@@H](O)[C@@H](OC)C(=O)[C@H](C)C[C@H](C)\C=C\C=C\C=C(C)\[C@H](C[C@]3([H])CC[C@@H](C)[C@@](O)(O3)C(=O)C(=O)N3CCCC[C@@]3([H])C(=O)O2)OC)CC[C@@H](O)[C@@H](C1)OC,0,0,1,0,0,0
NS(=O)(=O)C1=C(Cl)C=C2NC=NS(=O)(=O)C2=C1,0,0,0,0,0,0
CCOC(=O)[C@H](CCC1=CC=CC=C1)N[C@@H](C)C(=O)N1CC2=CC=CC=C2C[C@H]1C(O)=O,0,0,0,0,0,0
CCN(CC)CCOC1=CC=C(C=C1)C(=C(Cl)C1=CC=CC=C1)C1=CC=CC=C1,0,0,1,0,0,0
CCCCNC1=C(OC2=CC=CC=C2)C(=CC(=C1)C(O)=O)S(N)(=O)=O,1,0,0,0,0,0
OC[C@@H]1CC[C@@H](O1)N1C=NC2=C1NC=NC2=O,0,0,0,0,0,0
CCC(=C)C(=O)C1=C(Cl)C(Cl)=C(OCC(O)=O)C=C1,0,0,0,0,0,0
[H][C@]12CC[C@]([H])([C@H]([C@H](C1)OC(=O)C1=CC=CC=C1)C(=O)OC)N2C,0,0,0,0,0,0
[H][C@@]12CCN(C[C@@H]1C=C)[C@]([H])(C2)[C@@H](O)C1=C2C=C(OC)C=CC2=NC=C1,1,0,1,0,0,0
CCOC1=C(C=CC(CC(=O)N[C@@H](CC(C)C)C2=CC=CC=C2N2CCCCC2)=C1)C(O)=O,0,0,0,0,0,0
NC(=N)NC(=N)NCCC1=CC=CC=C1,0,0,0,0,0,0
NC12CC3CC(CC(C3)C1)C2,0,0,1,0,0,0
CCCCC[C@H](O)\C=C\[C@H]1[C@H](O)CC(=O)[C@@H]1C\C=C/CCCC(O)=O,1,1,0,0,1,1
CO[C@]12CC[C@@]3(C[C@@H]1[C@](C)(O)C(C)(C)C)[C@H]1CC4=C5C(O[C@@H]2[C@@]35CCN1CC1CC1)=C(O)C=C4,0,0,1,1,0,0
CC(COC1=CC=CC=C1)N(CCCl)CC1=CC=CC=C1,0,0,0,0,0,0
NC(N)=NC1=NC(CSCCC(N)=NS(N)(=O)=O)=CS1,0,0,0,0,0,0
CNCCCC12CCC(C3=CC=CC=C13)C1=CC=CC=C21,0,0,1,0,0,0
OC(=O)C1=CC=CC=C1O,0,1,1,0,0,0
CC1=C(Cl)C(NC2=CC=CC=C2C(O)=O)=C(Cl)C=C1,0,0,0,0,0,0
NC1=NC(=O)N(C=C1)[C@H]1CC[C@@H](CO)O1,0,0,0,0,0,0
CC(=O)OC1=CC=CC=C1C(O)=O,0,0,1,0,0,0
CC(C)(C(O)=O)C1=CC=C(C=C1)C(O)CCCN1CCC(CC1)C(O)(C1=CC=CC=C1)C1=CC=CC=C1,1,1,1,0,0,0
[H][C@@]12CC[C@@](OC(C)=O)(C#C)[C@@]1(CC)CC[C@]1([H])[C@@]3([H])CC\C(C=C3CC[C@@]21[H])=N/O,0,0,0,0,0,0
N.N.O=C1O[Pt]OC(=O)C11CCC1,0,0,0,1,0,0
[H][C@@]12CC[C@](O)(C(=O)CO)[C@@]1(C)C[C@H](O)[C@@]1([H])[C@@]2([H])C[C@H](C)C2=CC(=O)C=C[C@]12C,0,0,1,0,0,0
CCCC1=NC2=C(C=C(C=C2C)C2=NC3=CC=CC=C3N2C)N1CC1=CC=C(C=C1)C1=CC=CC=C1C(O)=O,0,0,1,1,0,0
ClC1=CC2=C(C=C1)C(=C1CCNCC1)C1=C(CC2)C=CC=N1,0,0,1,0,0,0
C[C@](N)(CC1=CC=C(O)C(O)=C1)C(O)=O,0,0,0,0,0,0
[H][C@@]12CCCN1C(=O)[C@H](NC(=O)[C@@H](NC(=O)C1=C3N=C4C(OC3=C(C)C=C1)=C(C)C(=O)C(N)=C4C(=O)N[C@H]1[C@@H](C)OC(=O)[C@H](C(C)C)N(C)C(=O)CN(C)C(=O)[C@]3([H])CCCN3C(=O)[C@H](NC1=O)C(C)C)[C@@H](C)OC(=O)[C@H](C(C)C)N(C)C(=O)CN(C)C2=O)C(C)C,0,0,1,1,0,0
CN1CCCC(CC1)N1N=C(CC2=CC=C(Cl)C=C2)C2=CC=CC=C2C1=O,0,0,1,0,0,0
O[C@@H](CC[C@@H]1[C@H](N(C1=O)C1=CC=C(F)C=C1)C1=CC=C(O)C=C1)C1=CC=C(F)C=C1,0,0,1,1,0,0
OCCN(CCO)C1=NC2=C(N=C(N=C2N2CCCCC2)N(CCO)CCO)C(=N1)N1CCCCC1,0,0,1,0,1,1
[H][C@@]12CC[C@@](O)(C#C)[C@@]1(C)CC[C@]1([H])C3=C(CC[C@@]21[H])C=C(O)C=C3,0,0,1,0,0,0
CCN1C=C(C(O)=O)C(=O)C2=CC(F)=C(N3CCNC(C)C3)C(F)=C12,0,0,0,0,0,0
NC1=NC(=O)N(C=C1)[C@@H]1O[C@H](CO)[C@@H](O)[C@@H]1O,0,0,0,0,0,0
NCCC1=CC(O)=C(O)C=C1,0,0,0,0,0,0
COC1=CC=CC2=C1C(=O)C1=C(O)C3=C(C[C@](O)(C[C@@H]3O[C@H]3C[C@H](N)[C@H](O)[C@H](C)O3)C(=O)CO)C(O)=C1C2=O,0,0,1,1,0,0
NS(=O)(=O)C1=C(Cl)C=C2NCNS(=O)(=O)C2=C1,0,0,0,0,0,0
[H][C@]12SC(C)(C)[C@@H](N1C(=O)[C@H]2NC(=O)C1(N)CCCCC1)C(O)=O,0,0,0,0,0,0
NC1=NC2=C(N=CN2COC(CO)CO)C(=O)N1,0,0,0,0,0,0
CC(C(O)=O)C1=CC(=CC=C1)C(=O)C1=CC=CC=C1,1,0,0,0,1,0
CC(C)(C(=O)C1=CN=CC=C1)C1=CN=CC=C1,0,0,0,0,0,0
COC1=C(C=C(Cl)C=C1)C(=O)NCCC1=CC=C(C=C1)S(=O)(=O)NC(=O)NC1CCCCC1,1,1,1,1,0,0
[H][C@@]12CC3=C(C(O)=CC=C3N(C)C)C(=O)C1=C(O)[C@]1(O)C(=O)C(C(N)=O)=C(O)[C@@H](N(C)C)[C@]1([H])C2,0,0,0,0,0,0
CCOC(=O)C1=C(C)NC(C)=C(C1C1=C(Cl)C(Cl)=CC=C1)C(=O)OC,0,0,1,0,0,0
CC(=O)N1CCN(CC1)C1=CC=C(OCC2COC(CN3C=CN=C3)(O2)C2=CC=C(Cl)C=C2Cl)C=C1,1,0,1,0,0,0
CC[C@@]1(O)C(=O)OCC2=C1C=C1N(CC3=CC4=C(C=CC(O)=C4CN(C)C)N=C13)C2=O,0,0,1,1,0,0
CCCN(CCC)S(=O)(=O)C1=CC=C(C=C1)C(O)=O,1,0,1,0,1,1
S=C1N=CNC2=C1NC=N2,0,0,0,0,1,1
CCN(CC)CCNC(=O)C1=CC=C(N)C=C1,0,0,0,0,0,0
C[C@H](CC1=CC=CC=C1)N(C)CC#C,0,0,1,0,0,0
N[C@@H](CC1=CC=C(C=C1)N(CCCl)CCCl)C(O)=O,0,0,0,0,0,0
CC12CC3CC(C)(C1)CC(N)(C3)C2,0,0,0,0,0,0
CO[C@H]1\C=C\O[C@@]2(C)OC3=C(C2=O)C2=C(O)C(\C=N\N4CCN(C)CC4)=C(NC(=O)\C(C)=C/C=C/[C@H](C)[C@H](O)[C@@H](C)[C@@H](O)[C@@H](C)[C@H](OC(C)=O)[C@@H]1C)C(O)=C2C(O)=C3C,1,1,1,0,0,1
CC(C)CC1=CC=C(C=C1)C(C)C(O)=O,1,1,1,0,1,0
CO[C@@H]1[C@@H](OC(N)=O)[C@@H](O)[C@H](OC2=C(C)C3=C(C=C2)C(O)=C(NC(=O)C2=CC=C(O)C(CC=C(C)C)=C2)C(=O)O3)OC1(C)C,0,0,0,1,0,0
[H][C@]12SC(C)(C)[C@@H](N1C(=O)[C@H]2NC(=O)CC1=CC=CC=C1)C(O)=O,0,1,0,0,0,0
CCOC(=O)C1=C(C)NC(C)=C(C1C1=CC(=CC=C1)[N+]([O-])=O)C(=O)OC,0,0,1,0,0,0
CCN1C=C(C(O)=O)C(=O)C2=CC(F)=C(C=C12)N1CCNCC1,0,0,0,0,0,0
[H][C@]12SC(C)(C)[C@@H](N1C(=O)[C@H]2NC(=O)[C@H](N)C1=CC=C(O)C=C1)C(O)=O,0,0,0,0,0,0
COC1=CC2=C(NC=C2CCNC(C)=O)C=C1,0,0,0,0,0,0
CC(CN1C2=CC=CC=C2SC2=CC=CC=C12)N(C)C,0,0,1,0,0,0
COC(=O)N[C@H](C(=O)N[C@@H](CC1=CC=CC=C1)[C@@H](O)CN(CC1=CC=C(C=C1)C1=CC=CC=N1)NC(=O)[C@@H](NC(=O)OC)C(C)(C)C)C(C)(C)C,0,0,1,0,0,0
NC1=NC(F)=NC2=C1N=CN2[C@@H]1O[C@H](CO)[C@@H](O)[C@@H]1O,0,0,0,0,0,0
CN(C)CCOC(C1=CC=CC=C1)C1=CC=CC=C1,0,0,0,0,0,0
CC(C)C1=C(C(=O)NC2=CC=CC=C2)C(=C(N1CC[C@@H](O)C[C@@H](O)CC(O)=O)C1=CC=C(F)C=C1)C1=CC=CC=C1,1,1,1,0,1,1
CCCCCNC(=N)N\N=C\C1=CNC2=C1C=C(OC)C=C2,0,0,0,0,0,0
NC(CCC(O)=O)C=C,0,0,0,0,0,0
CN[C@H]1[C@H](O)[C@@H](O)[C@H](CO)O[C@H]1O[C@H]1[C@H](O[C@H]2[C@H](O)[C@@H](O)[C@H](NC(N)=N)[C@@H](O)[C@@H]2NC(N)=N)O[C@@H](C)[C@]1(O)C=O,0,0,0,0,0,0
CCOC(=O)C1=CC=C(N)C=C1,0,0,1,0,0,0
[H][C@]12C[C@@H](O)[C@H](\C=C\[C@@H](O)C(C)CC#CC)[C@@]1([H])C\C(C2)=C\CCCC(O)=O,0,1,0,0,0,0
[H][C@@]12CC[C@]3(O)C[C@H](C[C@@H](O)[C@]3(CO)[C@@]1([H])[C@H](O)C[C@]1(C)[C@H](CC[C@]21O)C1=CC(=O)OC1)O[C@@H]1O[C@@H](C)[C@H](O)[C@@H](O)[C@H]1O,1,0,0,0,0,0
COC1=C(O)C=C(C=C1)[C@@H]1CC(=O)C2=C(O)C=C(O)C=C2O1,0,0,0,1,0,0
CC(C)N1C(\C=C\[C@H](O)C[C@H](O)CC(O)=O)=C(C2=CC=C(F)C=C2)C2=CC=CC=C12,0,1,0,0,0,0
CC1=C(C=NO1)C(=O)NC1=CC=C(C=C1)C(F)(F)F,0,0,0,1,0,0
CC(C)C1=NC(=NC(C2=CC=C(F)C=C2)=C1\C=C\[C@@H](O)C[C@@H](O)CC(=O)O)N(C)S(C)(=O)=O,1,1,0,1,1,0
FC1=CC=C(C=C1)C(CCCN1CCC(CC1)N1C(=O)NC2=CC=CC=C12)C1=CC=C(F)C=C1,0,0,1,0,0,0
CCN(CC)CCCC(C)NC1=C2C=C(OC)C=CC2=NC2=C1C=CC(Cl)=C2,0,0,1,0,0,0
CN[C@H]1CC[C@@H](C2=CC(Cl)=C(Cl)C=C2)C2=CC=CC=C12,0,0,1,0,0,0
ClC1=CC(Cl)=C(COC(CN2C=CN=C2)C2=C(Cl)C=C(Cl)C=C2)C=C1,0,0,1,0,0,0
[H][C@]12SCC(COC(N)=O)=C(N1C(=O)[C@H]2NC(=O)C(=N/OC)\C1=CC=CO1)C(O)=O,0,0,0,0,0,0
CN(C)CCC(C1=CC=C(Cl)C=C1)C1=CC=CC=N1,0,0,0,0,0,0
COC(=O)C1=C(C)NC(C)=C(C1C1=CC=CC=C1[N+]([O-])=O)C(=O)OC,0,0,1,0,0,0
CCCCC1=C(C(=O)C2=CC(I)=C(OCCN(CC)CC)C(I)=C2)C2=CC=CC=C2O1,0,0,1,0,0,0
CCCCNC(=O)NS(=O)(=O)C1=CC=C(C)C=C1,1,1,0,0,0,0
COCCCOC1=C(C)C(CS(=O)C2=NC3=CC=CC=C3N2)=NC=C1,0,0,0,1,0,0
CCC1=CN=C(CCOC2=CC=C(CC3SC(=O)NC3=O)C=C2)C=C1,0,0,0,0,0,0
COC1=CC=CC=C1OCCNCC(O)COC1=CC=CC2=C1C1=CC=CC=C1N2,0,0,1,0,0,0
C[C@H]1COC2=C3N1C=C(C(O)=O)C(=O)C3=CC(F)=C2N1CCN(C)CC1,0,0,1,0,0,0
O=C1C(CCS(=O)C2=CC=CC=C2)C(=O)N(N1C1=CC=CC=C1)C1=CC=CC=C1,0,0,1,0,1,1
[H][C@]12SCC(C)=C(N1C(=O)[C@H]2NC(=O)[C@H](N)C1=CC=C(O)C=C1)C(O)=O,0,0,0,0,0,0
[H]C(CCN(C)C)=C1C2=CC=CC=C2COC2=CC=CC=C12,0,0,1,0,0,0
[H][C@]12SC(C)(C)[C@@H](N1C(=O)[C@H]2NC(=O)C1=C(C)ON=C1C1=CC=CC=C1Cl)C(O)=O,0,0,0,0,0,0
CCC1=NN(CCCN2CCN(CC2)C2=CC(Cl)=CC=C2)C(=O)N1CCOC1=CC=CC=C1,0,0,1,0,0,0
CNCCCN1C2=CC=CC=C2CCC2=CC=CC=C12,0,0,1,0,0,0
OCC(N)(CO)CO.CCCCC[C@H](O)\C=C\[C@H]1[C@H](O)C[C@H](O)[C@@H]1C\C=C/CCCC(O)=O,0,0,0,0,0,0
COC1=C(OC)C=C2C(N)=NC(=NC2=C1)N1CCN(CC1)C(=O)C1CCCO1,0,0,1,0,0,0
CC1COC2=C3N1C=C(C(O)=O)C(=O)C3=CC(F)=C2N1CCN(C)CC1,0,0,0,0,0,0
CCC(C)N1N=CN(C1=O)C1=CC=C(C=C1)N1CCN(CC1)C1=CC=C(OC[C@H]2CO[C@@](CN3C=NC=N3)(O2)C2=C(Cl)C=C(Cl)C=C2)C=C1,0,0,1,0,0,0
O=[As]O[As]=O,0,0,1,0,0,0
CCC1(C(=O)NC(=O)NC1=O)C1=CC=CC=C1,0,0,1,0,0,0
C[C@@H]1O[C@H](C[C@H](N)[C@@H]1O)O[C@H]1C[C@@](O)(CC2=C1C(O)=C1C(=O)C3=CC=CC=C3C(=O)C1=C2O)C(C)=O,0,0,0,0,0,0
CCCNCC(O)COC1=CC=CC=C1C(=O)CCC1=CC=CC=C1,0,0,1,0,0,0
OC1=CC=C2C[C@H]3N(CC=C)CC[C@@]45[C@@H](OC1=C24)C(=O)CC[C@@]35O,1,0,1,0,0,0
ClC1=CC2=C(C=C1)N(C1CCN(CCCN3C(=O)NC4=CC=CC=C34)CC1)C(=O)N2,0,0,1,0,0,0
CCCC(=O)NC1=CC(C(C)=O)=C(OCC(O)CNC(C)C)C=C1,0,0,1,0,0,0
[H][C@@]12CC[C@H](O)[C@@]1(C)CC[C@]1([H])C3=CC=C(OC(=O)N(CCCl)CCCl)C=C3CC[C@@]21[H],0,0,1,0,0,0
C[C@H](CS)C(=O)N1CCC[C@H]1C(O)=O,0,0,1,0,0,0
[H][C@@]12CC3=CC=C(OC4=C5C(CC[N+](C)(C)[C@]5([H])CC5=CC(OC6=C(OC)C=C(CCN1C)C2=C6)=C(O)C=C5)=CC(OC)=C4O)C=C3,0,0,0,0,0,0
[H][C@@]12CCCN1C(=O)[C@H](CC(C)C)N1C(=O)[C@](NC(=O)[C@H]3CN(C)[C@]4([H])CC5=C(Br)NC6=CC=CC(=C56)C4=C3)(O[C@@]21O)C(C)C,0,0,1,0,0,0
CC[C@H](N1CCCC1=O)C(N)=O,0,0,1,0,0,0
CC(C)(C)NCC(O)COC1=CC=CC2=C1C[C@H](O)[C@H](O)C2,0,0,1,0,0,0
OCCNCCNC1=C2C(=O)C3=C(O)C=CC(O)=C3C(=O)C2=C(NCCNCCO)C=C1,0,0,1,1,0,0
C[C@H]1CN(C[C@@H](C)N1)C1=C(F)C(N)=C2C(=O)C(=CN(C3CC3)C2=C1F)C(O)=O,0,0,1,0,0,0
[H][C@@]1(C[C@@](C)(OC)[C@@H](O)[C@H](C)O1)O[C@H]1[C@H](C)[C@@H](O[C@]2([H])O[C@H](C)C[C@@H]([C@H]2O)N(C)C)[C@@](C)(C[C@@H](C)C(=O)[C@H](C)[C@@H](O)[C@](C)(O)[C@@H](CC)OC(=O)[C@@H]1C)OC,0,0,1,0,0,0
[H][C@]12SCC(CSC3=NC(=O)C(=O)NN3C)=C(N1C(=O)[C@H]2NC(=O)C(=N/OC)\C1=CSC(N)=N1)C(O)=O,0,0,0,0,0,0
CNC1(CCCCC1=O)C1=CC=CC=C1Cl,0,0,1,0,0,0
OCCOCCN1CCN(CC1)C1=NC2=CC=CC=C2SC2=CC=CC=C12,0,0,1,0,0,0
[H][C@]12[C@H](OC(=O)C3=CC=CC=C3)[C@]3(O)C[C@H](OC(=O)[C@H](O)[C@@H](NC(=O)C4=CC=CC=C4)C4=CC=CC=C4)C(C)=C([C@@H](OC(C)=O)C(=O)[C@]1(C)[C@@H](O)C[C@H]1OC[C@@]21OC(C)=O)C3(C)C,0,0,1,1,0,0
[H][C@@](O)(CN1C[C@@]2([H])CCCC[C@@]2([H])C[C@@]1([H])C(O)=NC(C)(C)C)[C@]([H])(CC1=CC=CC=C1)N=C(O)[C@]([H])(CC(O)=N)NC(=O)C1=NC2=CC=CC=C2C=C1,1,0,1,1,0,0
[H][C@@]12C[C@@H](C)[C@](O)(C(=O)CO)[C@@]1(C)C[C@H](O)[C@@]1(F)[C@@]2([H])CCC2=CC(=O)C=C[C@]12C,1,0,1,1,0,0
N[C@@H](CC1=CC(O)=C(O)C=C1)C(O)=O,0,0,0,0,0,0
CN(C)CCOC(C1=CC=CC=C1)C1=CC=C(Br)C=C1,0,0,0,0,0,0
[H]C(CCN(C)C)=C1C2=CC(Cl)=CC=C2SC2=C1C=CC=C2,0,0,1,0,0,0
CC1=CC(OCCCC(C)(C)C(O)=O)=C(C)C=C1,0,0,0,0,0,0
CN(C)CCCN1C2=CC=CC=C2CCC2=C1C=C(Cl)C=C2,0,0,1,0,0,0
CC(C)COCC(CN(CC1=CC=CC=C1)C1=CC=CC=C1)N1CCCC1,0,0,1,0,0,0
[H][C@@]12C[C@H](O)[C@@]3(C)C(=O)[C@H](O)C4=C(C)[C@H](C[C@@](O)([C@@H](OC(=O)C5=CC=CC=C5)[C@]3([H])[C@@]1(CO2)OC(C)=O)C4(C)C)OC(=O)[C@H](O)[C@@H](NC(=O)OC(C)(C)C)C1=CC=CC=C1,0,0,1,1,0,0
[H][C@@]12CC3=CNC4=CC=CC(=C34)C1=C[C@H](CN2C)C(=O)N[C@@H](C)CO,0,0,1,0,0,0
CC1=NC(NC2=NC=C(S2)C(=O)NC2=C(C)C=CC=C2Cl)=CC(=N1)N1CCN(CCO)CC1,0,0,1,1,0,0
CS(=O)(=O)CCNCC1=CC=C(O1)C1=CC2=C(C=C1)N=CN=C2NC1=CC(Cl)=C(OCC2=CC(F)=CC=C2)C=C1,0,0,1,0,0,0
N[C@@H](CC(=O)N1CCN2C(C1)=NN=C2C(F)(F)F)CC1=CC(F)=C(F)C=C1F,0,0,1,0,0,0
[H][C@@](C)(O)[C@]([H])(CC)N1N=CN(C1=O)C1=CC=C(C=C1)N1CCN(CC1)C1=CC=C(OC[C@]2([H])CO[C@](CN3C=NC=N3)(C2)C2=C(F)C=C(F)C=C2)C=C1,0,0,1,0,0,0
CCN(CC)CCNC(=O)C1=C(C)NC(\C=C2/C(=O)NC3=C2C=C(F)C=C3)=C1C,0,0,1,1,1,0
C[N+](C)(C)CCO.CN1C2=C([N-]C=N2)C(=O)N(C)C1=O,0,0,0,0,0,0
CC1=CC(=C2C3=C1C4=C5C(=C(C=C4C)O)C(=O)C6=C(C=C(C7=C6C5=C3C8=C7C(=CC(=C8C2=O)O)O)O)O)O,0,0,1,0,0,0
[H][C@]12SCC(CSC3=NN=NN3C)=C(N1C(=O)[C@H]2NC(=O)[C@H](O)C1=CC=CC=C1)C(O)=O,0,0,0,0,0,0
[H][C@]12SCC(CSC3=NN=C(C)S3)=C(N1C(=O)[C@H]2NC(=O)CN1C=NN=N1)C(O)=O,0,0,0,0,1,0
[H][C@]12SCC(CSC3=NN=NN3C)=C(N1C(=O)[C@H]2NC(=O)C(NC(=O)N1CCN(CC)C(=O)C1=O)C1=CC=C(O)C=C1)C(O)=O,0,0,0,0,0,0
[H][C@]12SCC=C(N1C(=O)[C@H]2NC(=O)C(=N/OC)\C1=CSC(N)=N1)C(O)=O,0,0,0,0,0,0
[H][C@]12SCC(C)=C(N1C(=O)[C@H]2NC(=O)[C@H](N)C1=CCC=CC1)C(O)=O,0,0,0,0,0,0
[H][C@@]12C[C@@H]([C@H](OC(C)=O)[C@@]1(C)CC[C@@]1([H])[C@@]2([H])CC[C@@]2([H])C[C@H](OC(C)=O)[C@H](C[C@]12C)[N+]1(C)CCCCC1)[N+]1(C)CCCCC1,0,0,0,0,0,0
[H][C@@]12C[C@@H]([C@H](OC(C)=O)[C@@]1(C)CC[C@@]1([H])[C@@]2([H])CC[C@@]2([H])C[C@H](OC(C)=O)[C@H](C[C@]12C)N1CCCCC1)[N+]1(C)CCCCC1,0,0,1,0,0,0
CCOC(=O)[C@H](CCC1=CC=CC=C1)N[C@H]1CCCN2CCC[C@H](N2C1=O)C(O)=O,0,0,1,0,0,0
CCOC(=O)[C@H](CCC1=CC=CC=C1)N[C@@H](C)C(=O)N1CC2(C[C@H]1C(O)=O)SCCS2,0,0,0,0,0,0
COCC(=O)O[C@]1(CCN(C)CCCC2=NC3=CC=CC=C3N2)CCC2=C(C=CC(F)=C2)[C@@H]1C(C)C,0,0,1,0,0,0
[Na+].OC([O-])=O,0,0,0,0,0,0
CC(C)(OC1=CC=C(CCNC(=O)C2=CC=C(Cl)C=C2)C=C1)C(O)=O,0,0,0,0,0,0
COC1=CC2=C(C(OC)=C1OC)C1=CC=C(OC)C(=O)C=C1C(CC2)NC(C)=O,0,0,1,0,0,0
[H][C@]12CC[C@]3([H])[C@]([H])(CC[C@]4(C)[C@H](CC[C@]34O)C3=CC(=O)OC3)[C@@]1(C)CC[C@@H](C2)O[C@H]1C[C@H](O)[C@H](O[C@H]2C[C@H](O)[C@H](O[C@H]3C[C@H](O)[C@H](O)[C@@H](C)O3)[C@@H](C)O2)[C@@H](C)O1,1,0,1,0,0,0
CN(C)C(=O)OC1=CC(=CC=C1)[N+](C)(C)C,0,0,1,0,0,0
[H][C@]12O[C@@]1([H])[C@]1([H])C[C@@]([H])(C[C@@]2([H])[N+]1(C)C)OC(=O)C(O)(C1=CC=CS1)C1=CC=CS1,0,0,0,0,0,0
O=C(NC1=C2OC(=CC(=O)C2=CC=C1)C1=NNN=N1)C1=CC=C(OCCCCC2=CC=CC=C2)C=C1,0,0,0,0,0,0
CO\N=C(/C(=O)N[C@@H]1C(=O)N2[C@]1([H])SCC(C[N+]1(C)CCCC1)=C2C([O-])=O)C1=CSC(N)=N1,0,0,0,0,0,0
[H][C@]12SCC(COC(C)=O)=C(N1C(=O)[C@H]2NC(=O)CC#N)C(O)=O,0,0,0,0,0,0
[H][C@]12SCC=C(N1C(=O)[C@H]2NC(=O)C(=C/CC(O)=O)\C1=CSC(N)=N1)C(O)=O,0,0,0,0,0,0
[H][C@@]12CC[C@H](OC(=O)CC)[C@@]1(C)CC[C@@]1([H])[C@@]2([H])CCC2=CC(=O)CC[C@]12C,0,0,1,0,0,0
CN(C)C1=C(C)N(C)N(C1=O)C1=CC=CC=C1,0,0,0,0,0,0
CN1N(C(=O)C=C1C)C1=CC=CC=C1,0,0,0,0,0,0
OCCCC([O-])=O,0,0,0,0,0,0
CNC(C)CC1=CC2=C(OCO2)C=C1,0,0,0,0,0,0
CN[C@@H](C)CC1=CC=CC=C1,0,0,0,0,0,0
CC(C)NCC(O)COC1=CC=CC=C1OCC=C,0,0,0,0,0,0
[Na+].[Na+].N[C@@H](CC1=CC(I)=C(OC2=CC(I)=C(O)C=C2)C(I)=C1)C([O-])=O.N[C@@H](CC1=CC(I)=C(OC2=CC(I)=C(O)C(I)=C2)C(I)=C1)C([O-])=O,1,0,1,0,0,0
[H][C@@]1(CC[C@@]2([H])[C@]3([H])[C@@H](O)C[C@]4([H])C[C@H](O)CC[C@]4(C)[C@@]3([H])CC[C@]12C)[C@H](C)CCC(O)=O,1,0,0,0,1,0
CN1C2=C(C=C(Cl)C=C2)C2(OC(C)=CC(=O)N2CC1=O)C1=CC=CC=C1,0,0,1,0,0,0
[O-][N+](=O)C1=CC2=C(NC(=O)CN=C2C2=CC=CC=C2)C=C1,0,0,1,0,0,0
N[C@@H](CSCCCC\C=C(/NC(=O)[C@H]1CC1(C)C)C(=O)O)C(=O)O,0,0,0,0,0,0
CC(C)[C@H](N1CCCNC1=O)C(=O)N[C@H](C[C@H](O)[C@H](CC1=CC=CC=C1)NC(=O)COC1=C(C)C=CC=C1C)CC1=CC=CC=C1,0,0,1,0,0,0
CC(C)[C@H](N)C(=O)OCC(CO)OCN1C=NC2=C1NC(N)=NC2=O,0,0,0,0,0,0
CN(C)CCCN1C2=CC=CC=C2SC2=C1C=C(C=C2)C(C)=O,0,0,0,0,0,0
CN(C)S(=O)(=O)C1=CC2=C(SC3=CC=CC=C3N2CCCN2CCC(CCO)CC2)C=C1,0,0,0,0,0,0
CN(C)S(=O)(=O)C1=CC2=C(SC3=CC=CC=C3N2CCCN2CCN(C)CC2)C=C1,0,0,0,0,0,0
CN(C)S(=O)(=O)C1=CC2=C(SC3=CC=CC=C3\C2=C\CCN2CCN(C)CC2)C=C1,0,0,0,0,0,0
OC1=CC=C(C=C1)C1=COC2=C(C(O)=CC(O)=C2)C1=O,0,0,1,1,0,0
OC(=O)\C=C\C1=CC=CC=C1O,0,0,0,0,0,0
N#CC1=NC=CC(=C1)C1=NNC(=N1)C1=CC=NC=C1,0,0,0,1,0,0
CC(C)C[C@@H](N)C(O)=O,0,0,0,0,0,0
CC(=O)CC(O)=O,0,0,0,0,0,0
C[C@@H](N)C(O)=O,0,0,0,0,0,0
OC(=O)C(=C)OP(O)(O)=O,0,0,0,0,0,0
CC(C)C(=O)[C@@]12C(O)=C(CC=C(C)C)C(=O)[C@@](CC=C(C)C)(C[C@H](CC=C(C)C)[C@@]1(C)CCC=C(C)C)C2=O,0,0,0,0,0,0
[H][C@@](O)(CO)[C@@]([H])(O)[C@]([H])(O)[C@@]([H])(O)C=O,0,0,0,0,0,0
NCCCCN,0,0,0,0,0,0
OC=O,0,0,0,0,0,0
NCCS(O)(=O)=O,0,0,0,0,0,0
[H][C@]1(C[C@@]2([H])O[C@](C)(N3C4=CC=CC=C4C4=C5CNC(=O)C5=C5C6=CC=CC=C6N2C5=C34)[C@]1([H])OC)NC,0,0,1,0,0,0
[H][C@](O)(CCCCC)\C=C\[C@@]1([H])C(=O)C[C@]([H])(O)[C@]1([H])C\C=C/CCCC(O)=O,0,0,0,0,0,0
[H][C@]1(CO)O[C@@]([H])(OC2=CC=C3C(=O)C(=COC3=C2)C2=CC=C(O)C=C2)[C@]([H])(O)[C@@]([H])(O)[C@]1([H])O,0,0,0,1,0,0
C[C@H](CCC(=O)NCC(O)=O)[C@H]1CC[C@H]2[C@@H]3[C@H](O)C[C@@H]4C[C@H](O)CC[C@]4(C)[C@H]3CC[C@]12C,1,0,0,0,0,0
CCCCCCCCCCCCCCCCOC[C@H](CO[P@@]([O-])(=O)OCC[N+](C)(C)C)OC(C)=O,0,0,1,0,0,0
O[C@H](COP(O)(O)=O)C=O,0,0,0,0,0,0
OC(=O)C1=CC=CC=C1NC1=CC(=CC=C1)C(F)(F)F,0,0,0,0,0,0
NC1=NC2=C(N=CN2[C@@H]2O[C@@H]3COP(O)(=O)O[C@H]3[C@H]2O)C(=O)N1,0,0,0,0,0,0
OC1=CC(O)=C2C(OC(=C(O)C2=O)C2=CC(O)=C(O)C(O)=C2)=C1,0,0,0,0,0,0
NC1=NC=NC2=C1N=CN2[C@@H]1O[C@@H]2COP(O)(=O)O[C@H]2[C@H]1O,0,0,0,0,1,1
NCCCC(O)=O,0,0,0,0,0,0
N[C@H](CC1=CC=CC=C1)C(O)=O,0,0,0,0,0,0
[H][C@]1(O)CCC(C)(C)[C@]2([H])[C@]([H])(O)[C@]([H])(OC(C)=O)[C@@]3(C)O[C@](C)(CC(=O)[C@]3(O)[C@@]12C)C=C,0,0,1,0,0,0
[H][C@@](C)(CCC(O)=O)[C@@]1([H])CC[C@@]2([H])[C@]3([H])[C@]([H])(O)C[C@]4([H])C[C@]([H])(O)CC[C@]4(C)[C@@]3([H])C[C@]([H])(O)[C@]12C,1,0,1,0,1,0
[H][C@@]1(CC[C@@]2([H])[C@]3([H])[C@H](O)C[C@]4([H])C[C@H](O)CC[C@]4(C)[C@@]3([H])C[C@H](O)[C@]12C)[C@H](C)CCC(=O)NCC([O-])=O,1,0,0,0,0,0
O[C@@H]1CC[C@@]2(C)[C@@]([H])(CC[C@@]3(C)[C@@]2([H])[C@H](O)C[C@@]2([H])\C([C@@H](OC(=O)C)C[C@]32C)=C(/CCC=C(C)C)C(O)=O)[C@@H]1C,0,0,0,0,0,0
OC[C@H]1O[C@H]([C@H](O)[C@@H]1O)N1C=CC(=O)NC1=O,0,0,0,0,0,0
OC(=O)C1=CC=CC=C1C(O)=O,0,1,0,0,0,0
C[Hg]SC[C@@H](N)C(O)=O,0,0,0,0,0,0
[H][C@@]1(CC[C@@]2([H])[C@]3([H])CC=C4C[C@@]([H])(O)CC[C@]4(C)[C@@]3([H])CC[C@]12C)C(C)=O,0,0,0,0,0,0
OC(=O)[C@H]1CCCN1,0,0,0,0,0,0
[H][C@@]12CC[C@H](O)[C@@]1(C)CC[C@@]1([H])[C@@]2([H])CC[C@@]2([H])CC(=O)CC[C@]12C,0,0,1,0,0,0
CC(C)(N)C(O)=O,0,0,0,0,0,0
C[C@@H](O)C(O)=O,0,0,0,0,0,0
NCCC(O)=O,0,0,0,0,0,0
CC(=O)OCC[N+](C)(C)C,0,0,0,0,0,0
CC(O)=O,0,1,0,0,0,0
[H]\C(CCCCCCCCCCCCC)=C(\[H])[C@@]([H])(O)[C@@]([H])(N)CO,0,0,1,0,0,0
N[C@H](CC1=CNC2=CC=CC=C12)C(O)=O,0,0,0,0,0,0
[H][C@@](N)(CC1=CC=CC=C1)[C@]([H])(O)C(O)=N[C@@]([H])(CC(C)C)C(O)=O,0,0,0,0,0,0
[H][C@]1(CC(=O)C2=C(O1)C=C(O)C=C2O)C1=CC=C(O)C=C1,0,1,1,1,0,0
CN1CC[C@@H]([C@H](O)C1)C1=C(O)C=C(O)C2=C1OC(=CC2=O)C1=CC=CC=C1Cl,0,0,0,1,0,0
OC(=O)CCCC(O)=O,0,0,0,0,0,0
NCCCCNCCCN,0,0,0,0,0,0
O[C@H](COP(O)(O)=O)[C@H](O)[C@H](O)[C@@H](O)C=O,0,0,0,0,0,0
CCCCC1C(=O)N(N(C1=O)C1=CC=C(O)C=C1)C1=CC=CC=C1,0,0,0,0,0,0
[H][C@@]12CC[C@H]([C@H](C)CCC(O)=O)[C@@]1(C)[C@@H](O)C[C@@]1([H])[C@@]2([H])CC[C@]2([H])C[C@H](O)CC[C@]12C,1,0,0,0,0,0
[H][C@]1(C)O[C@]([H])(O)[C@]([H])(O)[C@@]([H])(O)[C@]1([H])O,0,0,0,0,0,0
CCOC1=CC=C(NC(C)=O)C=C1,0,0,0,0,0,0
OC(=O)C1=CC=CC=C1,0,1,0,0,0,0
CCCCCCCCCCCCCCCC(O)=O,0,0,1,0,0,0
[Cl-].CCNC1=CC2=[O+]C3=C(C=C(C)C(NCC)=C3)C(C3=CC=CC=C3C(=O)OCC)=C2C=C1C,0,0,0,0,0,0
N[C@H](CC1=CC=C(O)C=C1)C(O)=O,0,0,0,0,0,0
OC(=O)C(=O)CC1=CC=CC=C1,0,0,0,0,0,0
OC(=O)C(O)=O,0,1,0,0,0,0
NC(N)=O,0,0,0,0,0,0
N[C@H](CO)C(O)=O,0,0,0,0,0,0
NC(=O)C(O)=O,0,0,0,0,0,0
CC(C)C(=O)C(O)=O,0,0,0,0,0,0
[O]#C[Re+]1(C#[O])(C#[O])[N]2=CC=CC3=C2C2=C(C=CC=[N]12)C=C3,0,0,0,0,0,0
[H][C@@](NC(=O)CC1=CC=CS1)(C=O)[C@]1([H])NC(C(O)=O)=C(C)CS1,0,0,0,0,0,0
OC1=CC2=C(C(O)=C1)C(=O)C(O)=C(O2)C1=CC=C(O)C(O)=C1,0,1,1,1,0,0
OC(=O)CC(O)(CC(O)=O)C(O)=O,0,1,0,0,0,0
OC[C@H]1O[C@H]([C@H](O)[C@@H]1O)N1C=NC2=C1NC=NC2=O,0,0,0,0,0,0
OC(=O)C=O,0,0,0,0,0,0
[H][C@@]1(CC[C@@]2([H])[C@]3([H])[C@H](O)C[C@]4([H])C[C@H](O)CC[C@]4(C)[C@@]3([H])C[C@H](O)[C@]12C)[C@H](C)CCC(=O)NCCS(O)(=O)=O,1,1,1,1,1,0
CC(O)C(O)=O,0,1,0,0,0,0
OC1=CC=C(C=C1)[N+]([O-])=O,0,0,1,0,0,0
CC1=CN([C@H]2C[C@H](O)[C@@H](CO)O2)C(=O)NC1=O,0,0,0,0,0,0
CCCCCCCC(O)=O,0,0,0,0,0,0
[H][C@@](C)(CCCC(C)C)[C@@]1([H])CC[C@@]2([H])[C@]3([H])CC=C4C[C@@]([H])(O)CC[C@]4(C)[C@@]3([H])CC[C@]12C,0,0,1,1,0,0
O[C@H]1[C@H](O)[C@@](O)(COP(O)(O)=O)O[C@@H]1COP(O)(O)=O,0,0,0,0,0,0
OC(=O)C1=C(NC2=CC=CC(=C2)C(F)(F)F)N=CC=C1,0,0,0,0,0,0
CCCCC\C=C/C\C=C/C\C=C/C\C=C/CCCC(O)=O,0,0,0,0,0,0
[H][C@@]12C[C@@H](O)[C@H](O)[C@@]1(C)CC[C@]1([H])C3=C(CC[C@@]21[H])C=C(O)C=C3,1,0,1,0,0,0
C[C@]12CC[C@H]3[C@@H](CCC4=C3C=CC(OS(O)(=O)=O)=C4)[C@@H]1CCC2=O,0,0,0,0,0,0
[H][C@@]1(CC[C@@]2([H])[C@]3([H])CCC4=CC(=O)CC[C@]4(C)[C@@]3([H])[C@@]([H])(O)C[C@]12C=O)C(=O)CO,1,0,1,0,0,0
CC[C@@]1(O)C(=O)OCC2=C1C=C1N(CC3=CC4=CC=CC=C4N=C13)C2=O,0,0,1,1,0,0
CN1C(CNC2=CC=C(C=C2)C(=O)N[C@@H](CCC(O)=O)C(O)=O)CNC2=C1C(=O)N=C(N)N2,0,0,0,0,0,0
CCCC\N=C(/N)N=C(N)N,0,0,0,0,0,0
CN(C)CC=C(C1=CC=C(Br)C=C1)C1=CN=CC=C1,0,0,1,0,0,0
NC(=N)N1CCC2=CC=CC=C2C1,0,0,1,0,0,0
OC[C@H](O)C(=O)N1CCC(=CC1)C1=C(F)C=C(C=C1F)N1C[C@H](COC2=NOC=C2)OC1=O,0,0,0,0,0,0
CCCCN(CCCC)CCCOC1=CC=C(C=C1)C(=O)C1=C(CCCC)OC2=C1C=C(NS(C)(=O)=O)C=C2,0,0,1,0,0,0
CC1=CN(C=N1)C1=CC(=CC(NC(=O)C2=CC(NC3=NC=CC(=N3)C3=CN=CC=C3)=C(C)C=C2)=C1)C(F)(F)F,0,0,1,1,0,0
COC1=CC=CC2=C1NC1=C(C=CC=C1C(=O)NC1=CC=C(CCN3CCC4=CC(OC)=C(OC)C=C4C3)C=C1)C2=O,0,0,0,1,0,0
ONC(=O)\C=C\C1=CC=CC(=C1)S(=O)(=O)NC1=CC=CC=C1,0,0,1,0,0,0
CCC1=C(CC)C=C2CC(CC2=C1)NC[C@H](O)C1=C2C=CC(=O)NC2=C(O)C=C1,0,0,1,0,0,0
OC1(CN(C1)C(=O)C1=C(NC2=C(F)C=C(I)C=C2)C(F)=C(F)C=C1)[C@@H]1CCCCN1,0,0,0,1,0,0
[Ga+3].[O-][N+]([O-])=O.[O-][N+]([O-])=O.[O-][N+]([O-])=O,0,0,0,0,0,0
COC1=C(OCC2CCN(C)CC2)C=C2N=CN=C(NC3=C(F)C=C(Br)C=C3)C2=C1,0,0,0,1,0,0
NCCC1=CNC=N1,0,0,0,0,0,0
NNC(N)=N,0,0,0,0,0,0
[H][C@@]12CCC[C@]1([H])[C@H](N(C2)C(=O)[C@@H](NC(=O)[C@@H](NC(=O)C1=NC=CN=C1)C1CCCCC1)C(C)(C)C)C(=O)N[C@@H](CCC)C(=O)C(=O)NC1CC1,0,0,1,0,0,0
N[C@@H](CN(O)N=O)C(O)=O,0,0,0,0,0,0
[H][C@@]12O[C@@]1(C)[C@H](CC(=O)N(C)C1=C(Cl)C(OC)=CC(C\C(C)=C\C=C\[C@@H](OC)[C@@]3(O)C[C@]([H])(OC(=O)N3)[C@H]2C)=C1)OC(=O)[C@H](C)N(C)C(=O)CCSC1CC(=O)N(C[C@H]2CC[C@@H](CC2)C(=O)N-*)C1=O,0,0,1,0,0,0
[H][C@@]12CCC(=O)[C@@]1(C)CC[C@@]1([H])[C@@]2([H])CC=C2C[C@H](CC[C@]12C)OS(O)(=O)=O,1,1,0,0,0,0
[H][C@@]12CC=C(C3=CC=CN=C3)[C@@]1(C)CC[C@@]1([H])[C@@]2([H])CC=C2C[C@@H](O)CC[C@]12C,0,0,0,0,0,0
[H][C@@]1(C[C@H](OC)[C@H](CO1)N(CC)C(C)=O)O[C@@H]1[C@@H](O)[C@H](NO[C@H]2C[C@H](O)[C@H](SC(=O)C3=C(C)C(I)=C(O[C@@H]4O[C@@H](C)[C@H](O)[C@@H](OC)[C@H]4O)C(OC)=C3OC)[C@@H](C)O2)[C@@H](C)O[C@@]1([H])O[C@H]1C#C\C=C/C#C[C@]2(O)CC(=O)C(NC(=O)OC)=C1\C2=C/CSSC(C)(C)CC(=O)NN=C(C)C1=CC=C(OCCCC(=O)N-*)C=C1,0,0,1,0,0,0
CC(=O)N[C@@H](CS)C(O)=O,0,0,0,0,0,0
[H]\C(C)=C1\N=C(O)[C@@]2([H])CSSCCC([H])=C([H])[C@]([H])(CC(O)=N[C@]([H])(C(C)C)C(O)=N2)OC(=O)[C@@]([H])(N=C1O)C(C)C,0,0,1,0,0,0
Cl.Cl.Cl.[H][C@]12C3=CC=CC=C3C(N3CCN(C[C@@H](O)COC4=CC=CC5=C4C=CC=N5)CC3)C3=CC=CC=C3[C@@]1([H])C2(F)F,0,0,0,0,0,0
C[C@H](CC1=CC2=C(N(CCCO)CC2)C(=C1)C(N)=O)NCCOC1=CC=CC=C1OCC(F)(F)F,0,0,1,0,0,0
CC1=NN(C(=O)\C1=N/NC1=C(O)C(=CC=C1)C1=CC=CC(=C1)C(O)=O)C1=CC=C(C)C(C)=C1,0,0,0,0,0,0
CC1=CC=CC=C1C(=O)NC1=CC(C)=C(C=C1)C(=O)N1CCC[C@@H](O)C2=C1C=CC(Cl)=C2,0,0,1,0,0,0
ClC1=CC=C(S1)C(=O)NC[C@H]1CN(C(=O)O1)C1=CC=C(C=C1)N1CCOCC1=O,0,0,1,0,0,0
N[C@@H]([C@H](O)C1=CC(O)=C(O)C=C1)C(O)=O,0,0,0,0,0,0
[H][C@@]1(C[C@@](N)(CC2=C1C(O)=C1C(=O)C3=CC=CC=C3C(=O)C1=C2O)C(C)=O)O[C@H]1C[C@H](O)[C@H](O)CO1,0,0,0,0,0,0
OCC(C)(CO)C(=O)O[C@@H]1CC[C@@H](C[C@@H](C)[C@]2([H])CC(=O)[C@H](C)\C=C(C)\[C@@H](O)[C@@H](OC)C(=O)[C@H](C)C[C@H](C)\C=C\C=C\C=C(C)\[C@@H](OC)C[C@]3([H])CC[C@@H](C)[C@@](O)(O3)C(=O)C(=O)N3CCCC[C@H]3C(=O)O2)C[C@H]1OC,0,0,1,0,0,0
[H]\C1=C([H])\[C@]2([H])C[C@]2(N=C(O)[C@]2([H])C[C@]([H])(C[C@@]2([H])C(=O)N(C)CCCC1)OC1=C2C=CC(OC)=C(C)C2=NC(=C1)C1=NC(=CS1)C(C)C)C(O)=NS(=O)(=O)C1CC1,0,1,1,1,0,0
CCOC1=CC=C(CC2=C(Cl)C=CC(=C2)[C@@H]2O[C@H](CO)[C@@H](O)[C@H](O)[C@H]2O)C=C1,0,0,1,0,0,0
N[C@H](C(=O)N1[C@H]2C[C@H]2C[C@H]1C#N)C12CC3CC(CC(O)(C3)C1)C2,0,0,0,0,0,0
COC([C@H](OC1=NC(C)=CC(C)=N1)C(O)=O)(C1=CC=CC=C1)C1=CC=CC=C1,0,0,1,0,0,0
CC1=CC(=CC(C)=C1OC1=C(Br)C(N)=NC(NC2=CC=C(C=C2)C#N)=N1)C#N,0,0,1,0,0,0
O=C1NOC2=C1CCNC2,0,0,0,0,0,0
CN(C1=CC2=NN(C)C(C)=C2C=C1)C1=CC=NC(NC2=CC=C(C)C(=C2)S(N)(=O)=O)=N1,0,0,1,1,0,0
[H]\C(=C(\[H])C1=CC=C(CNCCC2=C(C)NC3=CC=CC=C23)C=C1)C(O)=NO,0,0,1,0,0,0
COC1=CC=C(C=C1)N1N=C(C(N)=O)C2=C1C(=O)N(CC2)C1=CC=C(C=C1)N1CCCCC1=O,0,0,1,1,0,0
COC1=CC(NC2=C(C=NC3=CC(OCCCN4CCN(C)CC4)=C(OC)C=C23)C#N)=C(Cl)C=C1Cl,0,0,1,0,0,0
[H]\C(=C(\[H])C1=CC=CC=N1)C1=C2C=CC(SC3=CC=CC=C3C(O)=NC)=CC2=NN1,0,0,1,0,0,0
[H]C(C)(OC(=O)N(C)C1=C(COC(=O)CNC)C=CC=N1)[N+]1=CN(C[C@](O)(C2=C(F)C=CC(F)=C2)[C@@]([H])(C)C2=NC(=CS2)C2=CC=C(C=C2)C#N)N=C1,0,0,1,0,0,0
C[C@H](NCC1=CC=C(OCC2=CC(F)=CC=C2)C=C1)C(N)=O,0,0,0,1,0,0
NC(=O)C1=CC2=C(O1)C=CC(=C2)N1CCN(CCCCC2=CNC3=C2C=C(C=C3)C#N)CC1,0,0,0,0,0,0
COC1=CC=C(CN(CCN(C)C)C2=NC=CC=C2)C=C1,0,0,0,0,0,0
CCCCCCOC(=O)N=C(N)C1=CC=C(NCC2=NC3=C(C=CC(=C3)C(=O)N(CCC(=O)OCC)C3=CC=CC=N3)N2C)C=C1,0,0,1,0,0,0
CC(C)N(CC[C@H](C1=CC=CC=C1)C1=C(OC(=O)C(C)C)C=CC(CO)=C1)C(C)C,0,0,1,0,0,0
NC(N)=NCC1=CC(I)=CC=C1,0,0,0,0,0,0
[H][C@@]12CC[C@](C)(O)[C@@]1(C)CC[C@@]1([H])[C@@]2([H])CCC2=CC(=O)CC[C@]12C,1,0,0,0,0,0
[H]\C(=N/OC(C)(C)C)C1=C2CN3C(=CC4=C(COC(=O)[C@]4(O)CC)C3=O)C2=NC2=CC=CC=C12,0,0,0,0,0,0
[H][C@@](O)([C@@H](NC(=O)OC(C)(C)C)C1=CC=CC=C1)C(=O)O[C@@]1([H])C[C@@]2(O)[C@@]([H])(OC(=O)C3=CC=CC=C3)[C@]3([H])[C@@]4(CO[C@]4([H])C[C@]([H])(OC)[C@@]3(C)C(=O)[C@]([H])(OC)C(=C1C)C2(C)C)OC(C)=O,0,0,1,1,0,0
[Cu++].[O-]S([O-])(=O)=O,0,0,0,0,0,0
[67Ga+3].OC(CC([O-])=O)(CC([O-])=O)C([O-])=O,0,0,0,0,0,0
[Mn++].CC1=C(O)C(CN(CCN(CC([O-])=O)CC2=CC(COP(O)(O)=O)=NC(C)=C2O)CC([O-])=O)=CC(COP(O)(O)=O)=N1,0,0,0,0,0,0
NC1=NC2=NC=C(CC(CC#C)C3=CC=C(C=C3)C(=O)N[C@@H](CCC(O)=O)C(O)=O)N=C2C(N)=N1,0,0,0,0,0,0
NCCNCCNCCN,0,0,0,0,0,0
[H][C@]12SC(C)(C)[C@@H](N1C(=O)[C@H]2NC(=O)[C@H](N=[N+]=[N-])C1=CC=CC=C1)C(O)=O,0,0,0,0,0,0
CCCSC1=NC2=C(N=NN2[C@@H]2C[C@H](OCCO)[C@@H](O)[C@H]2O)C(N[C@@H]2C[C@H]2C2=CC(F)=C(F)C=C2)=N1,0,0,1,0,0,0
CC(C)(C)C1=CC(=C(O)C=C1NC(=O)C1=CNC2=CC=CC=C2C1=O)C(C)(C)C,0,0,1,0,0,0
[H][C@]12CC[C@]([H])([C@H]([C@H](C1)C1=CC=C([123I])C=C1)C(=O)OC)N2CCCF,0,0,0,0,0,0
FC(F)(F)CNC(=O)C1(CCCCN2CCC(CC2)NC(=O)C2=C(C=CC=C2)C2=CC=C(C=C2)C(F)(F)F)C2=CC=CC=C2C2=CC=CC=C12,0,0,1,0,0,0
CS(=O)(=O)C1=CC(Cl)=C(C=C1)C(=O)NC1=CC=C(Cl)C(=C1)C1=CC=CC=N1,0,0,1,1,0,0
[H][C@](O)(CO)[C@@]1([H])OC(=O)C(=O)C1=O,0,0,0,0,0,0
[H]C([H])(C=O)[C@@]([H])(O)[C@]([H])(O)[C@]([H])(O)CO,0,0,0,0,0,0
[H][C@@]12CC[C@H]([C@H](C)CCC(=O)NCCS(O)(=O)=O)[C@@]1(C)CC[C@@]1([H])[C@@]2([H])[C@@H](O)C[C@]2([H])C[C@H](O)CC[C@]12C,1,0,0,0,0,0
CC(=O)N[C@@H](CC(=O)N[C@@H](CCC(O)=O)C(O)=O)C(O)=O,0,0,0,0,0,0
CCOC(=O)[C@H](CCC1=CC=CC=C1)N[C@H]1CS[C@@H](CN(CC(O)=O)C1=O)C1=CC=CS1,1,0,0,0,0,0
CC[N+](CC)(CC)CC,0,0,0,0,0,0
NCCCCNC(N)=N,0,0,0,0,0,0
NCCC1=CNC2=CC=C(O)C=C12,0,0,0,0,0,0
NCCC1=CC=C(O)C=C1,0,0,0,0,0,0
CC(=O)O[C@H](CC([O-])=O)C[N+](C)(C)C,0,0,0,0,0,0
NC1=NC(N)=C2N=CN(CCOCP(O)(O)=O)C2=N1,0,0,0,0,0,0
O=C1NC2=C(N1)C(=O)NC(=O)N2,0,0,0,0,0,0
OC1=C(O)C2=C3C(=C1)C(=O)OC1=C3C(=CC(O)=C1O)C(=O)O2,0,0,0,0,0,0
O[C@H]1CN[C@@H](C1)C(O)=O,0,0,0,0,0,0
CCCCC\C=C/C\C=C/C=C/C=C/[C@@H](SC[C@H](NC(=O)CC[C@H](N)C(O)=O)C(=O)NCC(O)=O)[C@@H](O)CCCC(O)=O,0,0,0,0,0,0
CC(C)C[C@@H](NC(=O)[C@H](CC1=CC=CC=C1)NC(=O)CNC(=O)[C@@H](C)NC(=O)[C@@H](N)CC1=CC=C(O)C=C1)C(O)=O,0,0,0,0,0,0
O[C@H](C[C@H](O)\C=C\C1=C(N=C2C=CC=CC2=C1C1=CC=C(F)C=C1)C1CC1)CC(O)=O,0,1,1,1,0,0
CC1(C)SSC(C)(C)[C@@H](NC(=O)[C@@H](N)CC2=CC=C(O)C=C2)C(=O)NCC(=O)N[C@@H](CC2=CC=CC=C2)C(=O)N[C@H]1C(O)=O,0,0,0,0,0,0
CSCC[C@@H](C(=O)NCC(=O)N[C@@H](CC1=CNC2=CC=CC=C21)C(=O)NC(CCSC)C(=O)N[C@@H](CC(=O)O)C(=O)N[C@@H](CC3=CC=CC=C3)C(=O)N)NC(=O)[C@H](CC4=CC=C(C=C4)OS(=O)(=O)O)NC(=O)[C@H](CC(=O)O)N,0,0,0,0,0,0
CC1=CC(\C=C\C#N)=CC(C)=C1NC1=CC=NC(NC2=CC=C(C=C2)C#N)=N1,0,0,1,1,0,0
C[C@@H](OC1=CC(=CN=C1N)C1=CN(N=C1)C1CCNCC1)C1=C(Cl)C=CC(F)=C1Cl,0,0,1,0,0,0
CN(C)C1=CC=C(C=C1)[C@H]1C[C@@]2(C)[C@@H](CC[C@]2(O)C(C)=O)[C@@H]2CCC3=CC(=O)CCC3=C12,0,0,1,0,0,0
[H][C@]([C@@H](C)CC)([C@@H](CC(=O)N1CCC[C@@]1([H])[C@H](OC)[C@@H](C)C(=O)N[C@H](C)[C@@H](O)C1=CC=CC=C1)OC)N(C)C(=O)[C@@H](NC(=O)[C@H](C(C)C)N(C)C(=O)OCC1=CC=C(NC(=O)[C@H](CCCNC(N)=O)NC(=O)[C@@H](NC(=O)CCCCCN2C(=O)CC(S-*)C2=O)C(C)C)C=C1)C(C)C,0,0,0,0,0,0
CC(C)C(=O)OC(C)OC(=O)NCC1(CC(O)=O)CCCCC1,0,0,0,0,0,0
[H][C@]12CN([C@H](C(=O)NC(CC3CCC3)C(=O)C(N)=O)[C@@]1([H])C2(C)C)C(=O)[C@@H](NC(=O)NC(C)(C)C)C(C)(C)C,0,0,1,0,0,0
CC[C@H]1\C=C(C)\[C@@H](O)C\C=C\C=C(CO[C@@H]2O[C@H](C)[C@@H](OC(=O)C3=C(CC)C(Cl)=C(O)C(Cl)=C3O)[C@H](O)[C@@H]2OC)\C(=O)OC(C\C=C(/C)\C=C(C)\[C@@H]1O[C@@H]1OC(C)(C)[C@@H](OC(=O)C(C)C)[C@H](O)[C@@H]1O)[C@@H](C)O,0,0,1,0,0,0
NC1=NC2=C(N=C(CNC3=CC=C(C=C3)C(=O)N[C@@H](CCC(O)=O)C(O)=O)C=N2)C(N)=N1,0,0,0,0,0,0
C\C(O)=C(/C#N)C(=O)NC1=CC=C(C=C1)C(F)(F)F,0,0,0,1,0,0
CCCS(=O)(=O)NC1=C(F)C(C(=O)C2=CNC3=NC=C(C=C23)C2=CC=C(Cl)C=C2)=C(F)C=C1,0,0,0,1,0,0
CC#CCN1C(=NC2=C1C(=O)N(CC1=NC3=C(C=CC=C3)C(C)=N1)C(=O)N2C)N1CCC[C@@H](N)C1,0,0,1,0,0,0
[Gd+3].[H][C@@](CN(CCN(CC([O-])=O)CC([O-])=O)CC([O-])=O)(CC1=CC=C(OCC)C=C1)N(CC(O)=O)CC(O)=O,0,0,0,0,1,0
CC(C)C[C@H](NC(=O)[C@H](CCC1=CC=CC=C1)NC(=O)CN1CCOCC1)C(=O)N[C@@H](CC1=CC=CC=C1)C(=O)N[C@@H](CC(C)C)C(=O)[C@@]1(C)CO1,0,0,1,0,0,0
CC(C)[C@H](OC(=O)NC[C@H](CC(O)=O)C1=CC=C(Cl)C=C1)OC(=O)C(C)C,0,0,0,0,0,0
NC1=NC(CC(=O)NC2=CC=C(CCNC[C@H](O)C3=CC=CC=C3)C=C2)=CS1,1,0,1,0,0,0
CNC(=O)C1=CC(OC2=CC(F)=C(NC(=O)NC3=CC=C(Cl)C(=C3)C(F)(F)F)C=C2)=CC=N1,0,0,1,1,0,0
CNC(=O)C1=C(F)C=C(C=C1)N1C(=S)N(C(=O)C1(C)C)C1=CC=C(C#N)C(=C1)C(F)(F)F,0,0,1,0,0,0
CN1CCN(CC2=CC=C(NC(=O)C3=CC(C#CC4=CN=C5C=CC=NN45)=C(C)C=C3)C=C2C(F)(F)F)CC1,0,0,1,1,0,0
[H][C@@]12C[C@@H](C)[C@](OC(=O)C3=CC=CO3)(C(=O)SCF)[C@@]1(C)C[C@H](O)[C@@]1(F)[C@@]2([H])C[C@H](F)C2=CC(=O)C=C[C@]12C,0,0,1,0,0,0
[H][C@]1(O[C@H](CO)[C@@H](O)[C@H](O)[C@H]1O)C1=CC=C(C)C(CC2=CC=C(S2)C2=CC=C(F)C=C2)=C1,0,0,1,0,0,0
NC1=CC=CC2=C1C(=O)N(C1CCC(=O)NC1=O)C2=O,0,0,1,0,0,0
CC(C)(C)C1=NC(=C(S1)C1=NC(N)=NC=C1)C1=C(F)C(NS(=O)(=O)C2=C(F)C=CC=C2F)=CC=C1,0,0,1,1,0,0
CN(C)C\C=C\C(=O)NC1=C(O[C@H]2CCOC2)C=C2N=CN=C(NC3=CC(Cl)=C(F)C=C3)C2=C1,0,0,1,1,0,0
CCN(CC)C(=O)[C@]1(C[C@H]1CN)C1=CC=CC=C1,0,0,1,0,0,0
[H][C@]12CN3C=C(C(=O)NCC4=CC=C(F)C=C4F)C(=O)C(O)=C3C(=O)N1[C@H](C)CCO2,0,0,0,1,0,0
COC(=O)N(C)C1=C(N)N=C(N=C1N)C1=NN(CC2=C(F)C=CC=C2)C2=C1C=CC=N2,0,0,0,1,0,0
CC(C)OC(=O)[C@H](C)N[P@](=O)(OC[C@H]1O[C@@H](N2C=CC(=O)NC2=O)[C@](C)(F)[C@@H]1O)OC1=CC=CC=C1,0,0,1,1,0,0
O=C(O[C@H]1[C@H](OC(=O)C2=CC=CN=C2)[C@@H](OC(=O)C2=CC=CN=C2)[C@H](OC(=O)C2=CC=CN=C2)[C@H](OC(=O)C2=CC=CN=C2)[C@@H]1OC(=O)C1=CC=CN=C1)C1=CC=CN=C1,0,0,0,0,0,0
[H][C@](N=C(O)OC)(C(C)C)C(=O)N1CC2(CC2)C[C@@]1([H])C1=NC=C(N1)C1=CC2=C(C=C1)C1=C(C=C(C=C1)C1=CC3=C(C=C1)N=C(N3)[C@@]1([H])N(C(=O)[C@@]([H])(N=C(O)OC)C(C)C)[C@]3([H])CC[C@@]1([H])C3)C2(F)F,0,0,1,1,0,0
[H][C@@](CC)(NC1=NC=NC2=C1N=CN2)C1=NC2=CC=CC(F)=C2C(=O)N1C1=CC=CC=C1,0,0,1,1,0,0
[H]OS(=O)(=O)ON1C(=O)N2C([H])([H])[C@@]1([H])C([H])([H])C([H])([H])[C@@]2([H])C(=O)N([H])[H],0,0,0,0,0,0
CCCCCC1=CC(O)=C([C@@H]2C=C(C)CC[C@H]2C(C)=C)C(O)=C1,0,0,0,1,0,0
CC(C)OC1=C(NC2=NC=C(Cl)C(N2)=NC2=CC=CC=C2S(=O)(=O)C(C)C)C=C(C)C(=C1)C1CCNCC1,0,0,1,0,0,0
CC(C)C1=NC(CN(C)C(=O)N[C@@H](CCN2CCOCC2)C(=O)N[C@H](CC[C@H](CC2=CC=CC=C2)NC(=O)OCC2=CN=CS2)CC2=CC=CC=C2)=CS1,0,0,1,1,0,0
CN(C)C(=O)[C@H]1CC[C@H](NC(=O)C(=O)NC2=NC=C(Cl)C=C2)[C@@H](C1)NC(=O)C1=NC2=C(CN(C)CC2)S1,0,0,1,0,0,0
OC(C1=CC=CC=C1)(C1=CC=CC=C1)C12CC[N+](CCOCC3=CC=CC=C3)(CC1)CC2,0,0,1,0,0,0
COC1=C(C=C2C(OC3=CC(Cl)=C(NC(O)=NC4CC4)C=C3)=CC=NC2=C1)C(O)=N,0,0,1,1,0,0
COC(=O)C1=CC2=C(C=C1)\C(=C(\NC1=CC=C(C=C1)N(C)C(=O)CN1CCN(C)CC1)C1=CC=CC=C1)C(O)=N2,0,0,1,0,0,0
COC(=O)N[C@@H](C(C)C)C(=O)N1CCC[C@H]1C1=NC=C(N1)C1=CC=C(C=C1)C1=CC=C(C=C1)C1=CN=C(N1)[C@@H]1CCCN1C(=O)[C@@H](NC(=O)OC)C(C)C,0,0,1,1,0,0
[Cu],0,0,0,0,0,0
[99Tc].[H]OC(=O)C([H])([H])N(C([H])([H])C(=O)O[H])C([H])([H])C(=O)N([H])C1=C(C(Br)=C(C([H])=C1C([H])([H])[H])C([H])([H])[H])C([H])([H])[H],0,0,0,0,0,0
[Na+].[Na+].[Na+].OC(CC([O-])=O)(CC([O-])=O)C([O-])=O,0,0,0,0,0,0
[Tc+].COC(C)(C)C[N+]#[C-].COC(C)(C)C[N+]#[C-].COC(C)(C)C[N+]#[C-].COC(C)(C)C[N+]#[C-].COC(C)(C)C[N+]#[C-].COC(C)(C)C[N+]#[C-],0,0,1,0,0,0
COC1=C(C=C(C=C1C1=CC2=CC=C(NS(C)(=O)=O)C=C2C=C1)N1C=CC(=O)NC1=O)C(C)(C)C,0,0,0,1,0,0
CCN1C(=O)N(CCCN2CCN(CC2)C2=CC=CC(Cl)=C2)N=C1CC,0,0,0,0,0,0
COC1=CC=C(OC2=NC=NC(=C2)N(C)CCOC2=CC=C(CC3SC(=O)NC3=O)C=C2)C=C1,0,0,1,0,0,0
COC(=O)C1=C(C)NC(C)=C([C@@H]1C1=CC=CC(=C1)[N+]([O-])=O)C(=O)O[C@@H]1CCCN(CC2=CC=CC=C2)C1,0,0,1,0,0,0
COC1=C(OC)C(=O)C(C\C=C(/C)CC\C=C(/C)CC\C=C(/C)CC\C=C(/C)CC\C=C(/C)CC\C=C(/C)CC\C=C(/C)CC\C=C(/C)CC\C=C(/C)CCC=C(C)C)=C(C)C1=O,0,0,1,0,0,0
COC1=CC=C(CN([C@@H](C)C2=NC(=CN2)C2=CC=CC=C2)C(=O)[C@@H](N)CC2=C(C)C=C(C=C2C)C(N)=O)C=C1C(O)=O,0,0,0,0,0,0
CC1=CC=C(NC(=O)C2(CC2)C2=CC=C3OC(F)(F)OC3=C2)N=C1C1=CC(=CC=C1)C(O)=O,0,0,1,0,0,0
C[C@@H](OC[C@]1(CC[C@]2(CCC(=O)N2)CN1)C1=CC=CC=C1)C1=CC(=CC(=C1)C(F)(F)F)C(F)(F)F,0,0,1,1,0,0
[H][C@@](CC1=CC=C(C=C1)C1=CC=CC=C1)(C[C@@]([H])(C)C(=O)OCC)NC(=O)CCC(O)=O,0,0,0,0,0,0
COC(=O)N[C@@H](C(C)C)C(=O)N1CCC[C@H]1C(=O)NC1=CC=C(C=C1)[C@@H]1CC[C@H](N1C1=CC=C(C=C1)C(C)(C)C)C1=CC=C(NC(=O)[C@@H]2CCCN2C(=O)[C@@H](NC(=O)OC)C(C)C)C=C1,0,0,1,1,0,0
[13NH3],0,0,0,0,0,0
O=C1NC=CC(=O)N1.FC1=CN(C2CCCO2)C(=O)NC1=O,0,0,0,0,0,0
COC1=C(NC2=NC=CC(=N2)C2=CN(C)C3=C2C=CC=C3)C=C(NC(=O)C=C)C(=C1)N(C)CCN(C)C,0,0,1,1,0,0
C([C@@H]1[C@H]([C@@H]([C@H](C(O1)O)O)O)O)O,0,0,0,0,0,0
C(C(C(C(C(C=O)O)O)O)O)O.C(C(C(C(C(=O)CO)O)O)O)O,0,0,0,0,0,0
C[C@H]1[C@H]2CN3CCC4=C([C@@H]3C[C@@H]2C(=CO1)C(=O)OC)NC5=CC=CC=C45,0,0,0,0,0,0
[Na+].CC1(C)C(=CC=CC=CC=CC2=[N+](CCCCS([O-])(=O)=O)C3=C(C4=CC=CC=C4C=C3)C2(C)C)N(CCCCS([O-])(=O)=O)C2=C1C1=CC=CC=C1C=C2,0,0,0,0,0,0
[Na+].OP(O)([O-])=O,0,0,0,0,0,0
OCC(O)CO,0,0,1,0,0,0
[Mg++].[O-]C([O-])=O,0,0,0,0,0,0
[Cl-].[Cl-].[89Sr++],0,0,0,0,0,0
[H]C(=O)[C@H]([18F])[C@@H](O)[C@H](O)[C@H](O)CO,0,0,0,0,0,0
OS(O)(=O)=O.NC(=N)NCC1=CC([123I])=CC=C1.NC(=N)NCC1=CC([123I])=CC=C1,0,0,0,0,0,0
[K+].[O-][N+]([O-])=O,0,0,0,0,0,0
[Ca++].[Ca++].[Ca++].OC(CC([O-])=O)(CC([O-])=O)C([O-])=O.OC(CC([O-])=O)(CC([O-])=O)C([O-])=O,0,0,0,0,0,0
[K+].OC([O-])=O,0,0,0,0,0,0
O[Se](O)=O,0,0,0,0,0,0
CN1[C@@H](CNC2=CC=C(C=C2)C(=O)N[C@@H](CCC(O)=O)C(O)=O)CNC2=C1C(=O)N=C(N)N2,0,0,0,0,0,0
[Ca++].[Ca++].[Ca++].[O-]P([O-])([O-])=O.[O-]P([O-])([O-])=O,0,0,0,0,0,0
CC(C)N(CCCCOCC(=O)NS(C)(=O)=O)C1=NC(C2=CC=CC=C2)=C(N=C1)C1=CC=CC=C1,0,0,1,0,0,0
CCC1=CC2=C(C=C1N1CCC(CC1)N1CCOCC1)C(C)(C)C1=C(C3=C(N1)C=C(C=C3)C#N)C2=O,0,0,0,1,0,0
COC(=O)N[C@@H](C(C)C)C(=O)N1CCC[C@H]1C1=NC(=CN1)C1=CC2=C(C=C1)N1[C@@H](OC3=C(C=CC(=C3)C3=CNC(=N3)[C@@H]3CCCN3C(=O)[C@@H](NC(=O)OC)C(C)C)C1=C2)C1=CC=CC=C1,0,0,1,0,0,0
[H][C@@]12C[C@@]1([H])OC(O)=N[C@]([H])(C(=O)N1C[C@@]([H])(C[C@@]1([H])C(O)=N[C@@]1(C[C@@]1([H])C=C)C(O)=NS(=O)(=O)C1CC1)OC1=C(CCCCC2)N=C2C=CC(OC)=CC2=N1)C(C)(C)C,0,0,1,0,0,0
CC1(C)CCC(CN2CCN(CC2)C2=CC=C(C(=O)NS(=O)(=O)C3=CC=C(NCC4CCOCC4)C(=C3)[N+]([O-])=O)C(OC3=CN=C4NC=CC4=C3)=C2)=C(C1)C1=CC=C(Cl)C=C1,0,0,1,1,0,0
CC[Hg]SC1=CC=CC=C1C(=O)O[Na],0,0,0,0,0,0
CCOCCN1C(=NC2=CC=CC=C12)C1CCN(CCC2=CC=C(C=C2)C(C)(C)C(O)=O)CC1,1,1,0,0,0,0
CS(=O)(=O)C1=CC(C[C@H](NC(=O)C2=C(Cl)C3=C(CN(CC3)C(=O)C3=CC=C4C=COC4=C3)C=C2Cl)C(O)=O)=CC=C1,1,1,0,0,0,0
[H][C@](N=C(O)OC)(C(C)C)C(=O)N1[C@@]([H])(C)CC[C@@]1([H])C1=NC2=C(N1)C1=CC3=C(C=C1C=C2)C1=C(CO3)C=C(C=C1)C1=CN=C(N1)[C@]1([H])C[C@]([H])(COC)CN1C(=O)[C@]([H])(N=C(O)OC)C1=CC=CC=C1,0,1,1,1,0,0
[H][C@](C)(C1=NC(=CS1)C1=CC=C(C=C1)C#N)[C@](O)(CN1C=NC=N1)C1=C(F)C=CC(F)=C1,0,0,1,1,0,0
CC[C@@]12C=CCN3CC[C@@]4([C@H]13)[C@@H](N(C)C1=CC(OC)=C(C=C41)[C@]1(C[C@@H]3C[C@H](C[N@@](C3)CC3=C1NC1=CC=CC=C31)C(C)(F)F)C(=O)OC)[C@](O)([C@@H]2OC(C)=O)C(=O)OC,0,0,0,0,0,0
ClC1=CC=C(CCCOCCCN2CCCCC2)C=C1,0,0,0,0,0,0
O[C@H](CC[C@H]1[C@H](O)C[C@H](O)[C@@H]1C\C=C/CCCC(=O)OCCCCO[N+]([O-])=O)CCC1=CC=CC=C1,0,1,0,0,0,0
[H][C@@]12OC3=C4C(C[C@@]5([H])N(CC6CC6)CC[C@@]14[C@@]5(O)CC(C(=O)NC(C)(C)C1=NC(=NO1)C1=CC=CC=C1)=C2O)=CC=C3O,0,0,0,0,0,0
CCS(=O)(=O)N1CC(CC#N)(C1)N1C=C(C=N1)C1=C2C=CNC2=NC=N1,0,0,1,1,0,0
CCOC1=CC=C(CC2=CC(=CC=C2Cl)[C@]23OC[C@](CO)(O2)[C@@H](O)[C@H](O)[C@H]3O)C=C1,0,0,1,1,0,0
CCOC1=C(NC(=O)\C=C\CN(C)C)C=C2C(NC3=CC=C(OCC4=CC=CC=N4)C(Cl)=C3)=C(C=NC2=C1)C#N,0,0,0,0,0,0
CNC(=O)C1=CC=C(C=C1F)N1C(=S)N(C(=O)C11CCC1)C1=CC(=C(N=C1)C#N)C(F)(F)F,0,0,1,1,0,0
NC1=NC(N2C=C(C(O)=O)C(=O)C3=CC(F)=C(N4CC(O)C4)C(Cl)=C23)=C(F)C=C1F,0,0,0,1,0,0
CCN1CCN(CC2=CC=C(NC3=NC=C(F)C(=N3)C3=CC(F)=C4N=C(C)N(C(C)C)C4=C3)N=C2)CC1,0,0,1,1,0,0
CC[C@@H]1[C@@H]2CN([C@@H]1C(=O)N[C@@]1(C[C@H]1C(F)F)C(=O)NS(=O)(=O)C1(C)CC1)C(=O)[C@@H](NC(=O)O[C@@H]1C[C@H]1CCCCC(F)(F)C1=C(O2)N=C2C=C(OC)C=CC2=N1)C(C)(C)C,0,0,1,1,0,0
COC1=CC=CC(=C1)N1CCN(CC1)C1=NC2=C(C=CC=C2F)[C@H](CC(O)=O)N1C1=CC(=CC=C1OC)C(F)(F)F,0,0,1,1,0,0
COC1=CC(=CC=C1NC1=NC=C(Cl)C(NC2=CC=CC=C2P(C)(C)=O)=N1)N1CCC(CC1)N1CCN(C)CC1,0,0,0,1,0,0
CNCC1=CC=C(C=C1)C1=C2CCNC(=O)C3=C2C(N1)=CC(F)=C3,0,0,1,1,1,0
COC1=CC=C(NC(=O)C2=CC=C(C=C2)C(=N)N(C)C)C(=C1)C(=O)NC1=CC=C(Cl)C=N1,0,0,1,0,0,0
COC1=C(OCCCN2CCOCC2)C=CC2=C1N=C(NC(=O)C1=CN=C(N)N=C1)N1CCN=C21,0,0,1,1,0,0
NC(=N)NC1=CC=C(C=C1)C(=O)OC1=CC=C2C=C(C=CC2=C1)C(N)=N,0,0,0,0,0,0
CN(C)[C@H]1[C@@H]2[C@@H](O)[C@@H]3C(=C)C4=C(Cl)C=CC(O)=C4C(=O)C3=C(O)[C@]2(O)C(=O)C(C(N)=O)=C1O,0,0,0,0,0,0
CC(C)(C)NC[C@H](O)C1=CC(CO)=C(O)C=C1,0,0,0,0,0,0
N[C@]1(C[C@H]([18F])C1)C(O)=O,0,0,1,0,1,0
[H][C@@]1(CCC(C)=CC1)[C@@](C)(O)CCC=C(C)C,0,0,0,0,0,0
OC1=CC=C(Cl)C=C1,0,0,0,0,0,0
CO[C@H]1C[C@H](O[C@H]2[C@H](C)[C@@H](O[C@@H]3O[C@H](C)C[C@@H]([C@H]3OC(C)=O)N(C)C)[C@@H](C)C[C@@]3(CO3)C(=O)[C@H](C)[C@@H](OC(C)=O)[C@@H](C)[C@@H](C)OC(=O)[C@@H]2C)O[C@@H](C)[C@@H]1OC(C)=O,0,0,1,0,0,0
COC1=CC2=C(C=C1)N(C(=O)C1=CC=C(Cl)C=C1)C(C)=C2CC(=O)OCC(O)=O,0,0,0,0,0,0
CC(C)(O)CNC1=NC(=NC(NC2=CC(=NC=C2)C(F)(F)F)=N1)C1=NC(=CC=C1)C(F)(F)F,0,0,1,1,0,0
[H][C@](C)(OC)[C@]([H])(N=C(O)OC)C(=O)N1CCC[C@@]1([H])C1=NC2=C(N1)C=C(F)C(=C2)[C@@]1([H])CC[C@@]([H])(N1C1=CC(F)=C(N2CCC(CC2)C2=CC=C(F)C=C2)C(F)=C1)C1=CC2=C(NC(=N2)[C@]2([H])CCCN2C(=O)[C@@]([H])(N=C(O)OC)[C@@]([H])(C)OC)C=C1F,0,0,1,1,0,0
CC(C)(C)[C@@H]1NC(=O)O[C@@H]2CCC[C@H]2OC\C=C\C(F)(F)C2=NC3=C(C=CC=C3)N=C2O[C@@H]2C[C@H](N(C2)C1=O)C(=O)N[C@@]1(C[C@H]1C(F)F)C(=O)NS(=O)(=O)C1(C)CC1,0,0,1,1,0,0
CCOC1=NC2=CC=CC(C(O)=O)=C2N1CC1=CC=C(C=C1)C1=CC=CC=C1C1=NN=NN1,0,0,1,0,0,0
CC[C@H](C)[C@H](NC(=O)[C@H](CC1=CC=CC=C1)NC(=O)[C@H](CCC(O)=O)NC(=O)[C@H](CCCCNC(=O)COCCOCCNC(=O)COCCOCCNC(=O)CC[C@@H](NC(=O)CCCCCCCCCCCCCCCCC(O)=O)C(O)=O)NC(=O)[C@H](C)NC(=O)[C@H](C)NC(=O)[C@H](CCC(N)=O)NC(=O)CNC(=O)[C@H](CCC(O)=O)NC(=O)[C@H](CC(C)C)NC(=O)[C@H](CC1=CC=C(O)C=C1)NC(=O)[C@H](CO)NC(=O)[C@H](CO)NC(=O)[C@@H](NC(=O)[C@H](CC(O)=O)NC(=O)[C@H](CO)NC(=O)[C@@H](NC(=O)[C@H](CC1=CC=CC=C1)NC(=O)[C@@H](NC(=O)CNC(=O)[C@H](CCC(O)=O)NC(=O)C(C)(C)NC(=O)[C@@H](N)CC1=CNC=N1)[C@@H](C)O)[C@@H](C)O)C(C)C)C(=O)N[C@@H](C)C(=O)N[C@@H](CC1=CNC2=C1C=CC=C2)C(=O)N[C@@H](CC(C)C)C(=O)N[C@@H](C(C)C)C(=O)N[C@@H](CCCNC(N)=N)C(=O)NCC(=O)N[C@@H](CCCNC(N)=N)C(=O)NCC(O)=O,0,0,0,0,0,0
C[C@]12CC[C@H]3[C@@H](CCC4=CC(=O)CC[C@]34C)[C@@H]1CC[C@@H]2OC(=O)CCC1CCCC1,1,0,1,1,0,0
[H][C@@]12CC[C@H](OC(=O)CCCCCC)[C@@]1(C)CC[C@@]1([H])[C@@]2([H])CCC2=CC(=O)CC[C@]12C,1,0,1,1,0,0
CCCCCCCCCCC(=O)O[C@H]1CC[C@H]2[C@@H]3CCC4=CC(=O)CC[C@]4(C)[C@H]3CC[C@]12C,1,0,1,1,0,0
CC(=O)O[C@H]1CC[C@H]2[C@@H]3CC[C@H]4CC(=O)CC[C@]4(C)[C@H]3CC[C@]12C,0,0,1,0,0,0
[H][C@]1(O)CC[C@@]2([H])[C@]3([H])CCC4=CC(OC(C)=O)=CC=C4[C@@]3([H])CC[C@]12C,1,1,1,1,0,0
[H][C@]1(O)CC[C@@]2([H])[C@]3([H])CCC4=CC(OC(=O)C5=CC=CC=C5)=CC=C4[C@@]3([H])CC[C@]12C,1,1,1,1,0,0
[H][C@@]1(CC[C@@]2([H])[C@]3([H])CCC4=CC(O)=CC=C4[C@@]3([H])CC[C@]12C)OC(=O)CCC1CCCC1,1,1,1,1,0,0
CCCCCCC(=O)O[C@H]1CC[C@H]2[C@@H]3CCC4=CC(OC(=O)CCCCCC)=CC=C4[C@H]3CC[C@]12C,1,1,1,1,0,0
[H][C@@]12CC[C@H](OC(=O)CCCC)[C@@]1(C)CC[C@]1([H])C3=C(CC[C@@]21[H])C=C(O)C=C3,1,1,1,1,0,0